objectId,label,gt_class,in_A,in_B,motion_in_room_frame_m,alignment_residual_m,transform_reproduces_centroid_m,symmetry,source
1,floor,unchanged,True,True,,0.3235,,,"present in both, not listed as changed"
2,wall,unchanged,True,True,,0.0524,,,"present in both, not listed as changed"
3,wall,unchanged,True,True,,0.0831,,,"present in both, not listed as changed"
4,windowsill,unchanged,True,True,,0.0645,,,"present in both, not listed as changed"
5,plant,unchanged,True,True,,0.0316,,,"present in both, not listed as changed"
6,plant,unchanged,True,True,,0.0187,,,"present in both, not listed as changed"
7,plant,unchanged,True,True,,0.0907,,,"present in both, not listed as changed"
8,plant,unchanged,True,True,,0.0956,,,"present in both, not listed as changed"
9,shades,unchanged,True,True,,0.1545,,,"present in both, not listed as changed"
10,shades,unchanged,True,True,,0.1932,,,"present in both, not listed as changed"
11,window,unchanged,True,True,,0.1666,,,"present in both, not listed as changed"
12,shades,unchanged,True,True,,0.0653,,,"present in both, not listed as changed"
13,plant,moved,True,True,0.5392,,0.1117,3,3RScan.json rigid
14,wall,unchanged,True,True,,0.0695,,,"present in both, not listed as changed"
15,heater,unchanged,True,True,,0.0848,,,"present in both, not listed as changed"
16,trash can,unchanged,True,True,,0.0805,,,"present in both, not listed as changed"
17,beanbag,moved,True,True,0.8754,,0.0155,0,3RScan.json rigid
18,beanbag,moved,True,True,1.0918,,0.0147,0,3RScan.json rigid
19,table,moved,True,True,0.2648,,0.0142,1,3RScan.json rigid
20,cushion,moved,True,True,0.872,,0.044,0,3RScan.json rigid
21,cushion,unchanged,True,True,,0.0341,,,"present in both, not listed as changed"
22,sofa,unchanged,True,True,,0.0625,,,"present in both, not listed as changed"
23,cushion,absent_unlabelled,True,False,,,,,"in A semseg, absent from B semseg, not in `removed`"
24,tv,unchanged,True,True,,0.0564,,,"present in both, not listed as changed"
25,commode,unchanged,True,True,,0.0565,,,"present in both, not listed as changed"
26,ceiling,unchanged,True,True,,0.0356,,,"present in both, not listed as changed"
27,plant,unchanged,True,True,,0.1004,,,"present in both, not listed as changed"
28,window,unchanged,True,True,,0.6367,,,"present in both, not listed as changed"
29,light,unchanged,True,True,,0.639,,,"present in both, not listed as changed"
30,light,unchanged,True,True,,0.5284,,,"present in both, not listed as changed"
33,window,unchanged,True,True,,0.0569,,,"present in both, not listed as changed"
100,window,unchanged,True,True,,0.1365,,,"present in both, not listed as changed"
