objectId,label,gt_class,observability,frames_total,frames_in_frustum,frames_visible,frames_occluded,samples_tested,samples_visible,samples_occluded,position_source
1,floor,unchanged,occluded,51,26,0,17,101,0,101,B annotation (own position)
2,wall,unchanged,insufficient,51,40,2,24,132,10,122,B annotation (own position)
3,wall,unchanged,occluded,51,31,0,17,73,0,73,B annotation (own position)
4,windowsill,unchanged,visible,51,21,15,3,165,82,83,B annotation (own position)
5,plant,unchanged,out_of_view,51,0,0,0,0,0,0,B annotation (own position)
6,plant,unchanged,out_of_view,51,0,0,0,0,0,0,B annotation (own position)
7,plant,unchanged,out_of_view,51,0,0,0,0,0,0,B annotation (own position)
8,plant,unchanged,out_of_view,51,0,0,0,0,0,0,B annotation (own position)
9,shades,unchanged,out_of_view,51,0,0,0,0,0,0,B annotation (own position)
10,shades,unchanged,occluded,51,18,0,13,109,6,99,B annotation (own position)
11,window,unchanged,occluded,51,18,0,14,111,0,111,B annotation (own position)
12,shades,unchanged,out_of_view,51,0,0,0,0,0,0,B annotation (own position)
13,plant,moved,out_of_view,51,0,0,0,0,0,0,B annotation (own position)
14,wall,unchanged,out_of_view,51,0,0,0,0,0,0,B annotation (own position)
15,heater,unchanged,visible,51,25,12,3,133,75,58,B annotation (own position)
16,trash can,unchanged,visible,51,20,12,1,255,104,128,B annotation (own position)
17,beanbag,moved,visible,51,34,34,0,1315,266,475,B annotation (own position)
18,beanbag,moved,visible,51,31,29,1,1289,395,535,B annotation (own position)
19,table,moved,visible,51,24,8,11,223,41,90,B annotation (own position)
20,cushion,moved,out_of_view,51,0,0,0,0,0,0,B annotation (own position)
21,cushion,unchanged,insufficient,51,5,1,0,3,3,0,B annotation (own position)
22,sofa,unchanged,visible,51,25,8,0,58,31,12,B annotation (own position)
23,cushion,absent_unlabelled,out_of_view,51,0,0,0,0,0,0,A box carried into B by the rescan alignment (assumed unchanged)
24,tv,unchanged,visible,51,7,7,0,64,41,0,B annotation (own position)
25,commode,unchanged,visible,51,25,25,0,305,209,35,B annotation (own position)
26,ceiling,unchanged,insufficient,51,1,0,0,0,0,0,B annotation (own position)
27,plant,unchanged,out_of_view,51,0,0,0,0,0,0,B annotation (own position)
28,window,unchanged,out_of_view,51,0,0,0,0,0,0,B annotation (own position)
29,light,unchanged,out_of_view,51,0,0,0,0,0,0,B annotation (own position)
30,light,unchanged,out_of_view,51,0,0,0,0,0,0,B annotation (own position)
33,window,unchanged,out_of_view,51,0,0,0,0,0,0,B annotation (own position)
100,window,unchanged,out_of_view,51,0,0,0,0,0,0,B annotation (own position)
