objectId,repo_observability,frames_present,frames_visible,occlusion_ratio_median,occlusion_ratio_max,truncation_ratio_median,truncation_ratio_max
1,visible,41,19,0.7416,0.9671,0.2162,0.3591
2,visible,48,18,0.9817,1.0,0.1846,0.4255
3,visible,28,13,0.8833,1.0,0.1443,0.4809
4,visible,20,15,0.9429,0.9995,0.2982,0.5999
5,out_of_view,0,0,,,,
6,out_of_view,0,0,,,,
7,out_of_view,0,0,,,,
8,out_of_view,0,0,,,,
9,out_of_view,0,0,,,,
10,visible,17,17,0.9846,0.997,0.7212,0.7862
11,visible,10,7,0.7133,1.0,0.2607,0.2868
12,out_of_view,0,0,,,,
13,out_of_view,0,0,,,,
14,out_of_view,0,0,,,,
15,visible,20,11,0.784,1.0,0.3039,0.7328
16,visible,19,12,0.9915,1.0,0.5846,1.0
17,visible,33,32,0.9777,1.0,0.9846,1.0
18,visible,31,29,0.9046,1.0,1.0,1.0
19,visible,21,14,1.0,1.0,0.2898,0.4547
20,out_of_view,0,0,,,,
21,out_of_view,0,0,,,,
22,insufficient,7,0,1.0,1.0,0.0196,0.1465
23,not_in_B_scene,0,0,,,,
24,insufficient,6,2,1.0,1.0,0.1035,0.4927
25,visible,16,13,0.9999,1.0,0.322,0.7466
26,out_of_view,0,0,,,,
27,out_of_view,0,0,,,,
28,out_of_view,0,0,,,,
29,out_of_view,0,0,,,,
30,out_of_view,0,0,,,,
33,out_of_view,0,0,,,,
100,out_of_view,0,0,,,,
