class_index,class_name,gt_support_reconstructed_points,predicted_points,intersection,iou_percent,recall_percent,precision_percent,author_f1_percent,gt_support_percent
1,basket,25834,0,0,0.0,0.0,0.0,0.0,0.6323529015804417
5,blanket,87424,4649,79,0.08587516577168076,0.09036420204978038,1.6992901699290168,0.003071100005133427,2.139924907786968
6,blinds,912279,962647,912277,94.76735549509738,99.99978076882182,94.76755238420729,97.31338730168552,22.33035041808871
7,book,24546,21395,8237,21.846488436240186,33.55740242809419,38.49964945080626,25.83896459922522,0.6008258234184997
12,cabinet,87488,0,0,0.0,0.0,0.0,0.0,2.1414914706770025
13,candle,3447,717,0,0.0,0.0,0.0,0.0,0.08437409815544562
14,chair,123449,0,0,0.0,0.0,0.0,0.0,3.021728472060228
18,cushion,290931,217131,197618,63.65656930074345,67.92607181771622,91.01325927665786,77.79286779959928,7.121276690009269
24,indoor-plant,36011,796341,35746,4.487287316439996,99.26411374302296,4.488780560086696,8.589154588443352,0.8814608786410655
25,lamp,142169,83656,80494,55.38666905202606,56.61853146607206,96.22023524911543,71.28882984611978,3.4799481173952858
29,picture,288612,470683,284542,59.934745014776105,98.58980222582568,60.453001276867866,74.94899874225432,7.06451326279068
30,pillar,59037,6077,6076,10.291676547308514,10.291850873181225,99.98354451209478,18.66265319286175,1.4450808334212484
33,plant-stand,8284,336936,3629,1.062381620124652,43.80733944954128,1.0770591447633973,0.9436619112376554,0.20277198407882552
34,plate,1688,0,0,0.0,0.0,0.0,0.0,0.04131809622465687
35,pot,23897,4291,0,0.0,0.0,0.0,0.0,0.5849398966117447
38,sofa,788600,859418,705135,74.78499453272569,89.41605376616789,82.04796734534301,85.57370125811732,19.30299211064242
39,stool,158578,174259,157995,90.3644433259743,99.63235757797425,90.66676613546502,94.93836322283882,3.881600155873008
40,switch,1617,17198,1327,7.588060384263495,82.06555349412493,7.71601348994069,12.664378356402345,0.039580190518524974
41,table,259834,0,0,0.0,0.0,0.0,0.0,6.360098468268657
46,vase,4348,25608,0,0.0,0.0,0.0,0.0,0.10642836634171093
47,vent,6995,104371,6995,6.702053252340209,100.0,6.702053252340209,12.562182353680656,0.17122042837172677
49,wall-plug,1122,0,0,0.0,0.0,0.0,0.0,0.027463805665915286
51,rug,749187,0,0,0.0,0.0,0.0,0.0,18.338258623377964
