scene,frontend,class_index,class_name,gt_support_points,predicted_points,intersection,iou_percent
room0,SAM-only (batch 16),1,basket,25834,0,0,0.0
room0,SAM-only (batch 16),5,blanket,87424,4649,79,0.08587516577168076
room0,SAM-only (batch 16),6,blinds,912279,962647,912277,94.76735549509738
room0,SAM-only (batch 16),7,book,24546,21395,8237,21.846488436240186
room0,SAM-only (batch 16),12,cabinet,87488,0,0,0.0
room0,SAM-only (batch 16),13,candle,3447,717,0,0.0
room0,SAM-only (batch 16),14,chair,123449,0,0,0.0
room0,SAM-only (batch 16),18,cushion,290931,217131,197618,63.65656930074345
room0,SAM-only (batch 16),24,indoor-plant,36011,796341,35746,4.487287316439996
room0,SAM-only (batch 16),25,lamp,142169,83656,80494,55.38666905202606
room0,SAM-only (batch 16),29,picture,288612,470683,284542,59.934745014776105
room0,SAM-only (batch 16),30,pillar,59037,6077,6076,10.291676547308514
room0,SAM-only (batch 16),33,plant-stand,8284,336936,3629,1.062381620124652
room0,SAM-only (batch 16),34,plate,1688,0,0,0.0
room0,SAM-only (batch 16),35,pot,23897,4291,0,0.0
room0,SAM-only (batch 16),38,sofa,788600,859418,705135,74.78499453272569
room0,SAM-only (batch 16),39,stool,158578,174259,157995,90.3644433259743
room0,SAM-only (batch 16),40,switch,1617,17198,1327,7.588060384263495
room0,SAM-only (batch 16),41,table,259834,0,0,0.0
room0,SAM-only (batch 16),46,vase,4348,25608,0,0.0
room0,SAM-only (batch 16),47,vent,6995,104371,6995,6.702053252340209
room0,SAM-only (batch 16),49,wall-plug,1122,0,0,0.0
room0,SAM-only (batch 16),51,rug,749187,0,0,0.0
room0,Detect,1,basket,25834,0,0,0.0
room0,Detect,5,blanket,87424,0,0,0.0
room0,Detect,6,blinds,912279,943367,912262,96.70102524528717
room0,Detect,7,book,24546,24087,9142,23.14957838494847
room0,Detect,12,cabinet,87488,87310,86742,98.50776778413737
room0,Detect,13,candle,3447,13635,0,0.0
room0,Detect,14,chair,123449,0,0,0.0
room0,Detect,18,cushion,290931,811691,259889,30.838830329416318
room0,Detect,24,indoor-plant,36011,403915,27526,6.67458777885548
room0,Detect,25,lamp,142169,83779,80494,55.33983252437197
room0,Detect,29,picture,288612,361076,288612,79.9310948387597
room0,Detect,30,pillar,59037,426,0,0.0
room0,Detect,33,plant-stand,8284,127703,0,0.0
room0,Detect,34,plate,1688,0,0,0.0
room0,Detect,35,pot,23897,0,0,0.0
room0,Detect,38,sofa,788600,523604,392379,42.658005598891094
room0,Detect,39,stool,158578,163441,157693,95.96351155629664
room0,Detect,40,switch,1617,2723,1587,57.646204140937165
room0,Detect,41,table,259834,0,0,0.0
room0,Detect,46,vase,4348,24506,0,0.0
room0,Detect,47,vent,6995,514114,6995,1.3605931758325975
room0,Detect,49,wall-plug,1122,0,0,0.0
room0,Detect,51,rug,749187,0,0,0.0
office0,SAM-only (batch 16),4,bin,55846,163234,54188,32.862722266695776
office0,SAM-only (batch 16),6,blinds,492703,0,0,0.0
office0,SAM-only (batch 16),11,camera,7362,0,0,0.0
office0,SAM-only (batch 16),14,chair,248963,3239,1207,0.4808860734277575
office0,SAM-only (batch 16),15,clock,8478,9751,7181,64.99818971759595
office0,SAM-only (batch 16),21,desk-organizer,54384,322891,52069,16.011082206355358
office0,SAM-only (batch 16),24,indoor-plant,113167,72171,70463,61.33884657236126
office0,SAM-only (batch 16),25,lamp,0,0,0,0.0
office0,SAM-only (batch 16),28,panel,4033,0,0,0.0
office0,SAM-only (batch 16),30,pillar,44674,130498,44604,34.16150971141474
office0,SAM-only (batch 16),33,plant-stand,74492,0,0,0.0
office0,SAM-only (batch 16),38,sofa,977036,967814,965433,98.57221183622502
office0,SAM-only (batch 16),40,switch,3344,14280,862,5.142584417133993
office0,SAM-only (batch 16),41,table,349784,0,0,0.0
office0,SAM-only (batch 16),42,tablet,10560,0,0,0.0
office0,SAM-only (batch 16),43,tissue-paper,14072,1283,0,0.0
office0,SAM-only (batch 16),44,tv-screen,282710,281174,273812,94.39449515982238
office0,SAM-only (batch 16),47,vent,7418,2113560,7418,0.35097182005715477
office0,SAM-only (batch 16),49,wall-plug,5344,0,0,0.0
office0,SAM-only (batch 16),51,rug,1325525,0,0,0.0
office0,Detect,4,bin,55846,237207,54722,22.960504508435747
office0,Detect,6,blinds,492703,0,0,0.0
office0,Detect,11,camera,7362,0,0,0.0
office0,Detect,14,chair,248963,0,0,0.0
office0,Detect,15,clock,8478,9252,8478,91.63424124513618
office0,Detect,21,desk-organizer,54384,121555,0,0.0
office0,Detect,24,indoor-plant,113167,179050,101100,52.899532746956055
office0,Detect,25,lamp,0,0,0,0.0
office0,Detect,28,panel,4033,0,0,0.0
office0,Detect,30,pillar,44674,15443,0,0.0
office0,Detect,33,plant-stand,74492,0,0,0.0
office0,Detect,38,sofa,977036,1008145,957624,93.19424615860726
office0,Detect,40,switch,3344,312437,0,0.0
office0,Detect,41,table,349784,0,0,0.0
office0,Detect,42,tablet,10560,0,0,0.0
office0,Detect,43,tissue-paper,14072,0,0,0.0
office0,Detect,44,tv-screen,282710,308390,278714,89.22102783095272
office0,Detect,47,vent,7418,1888416,7418,0.3928159896971854
office0,Detect,49,wall-plug,5344,0,0,0.0
office0,Detect,51,rug,1325525,0,0,0.0
office1,SAM-only (batch 16),4,bin,40131,41166,39004,92.22329936396095
office1,SAM-only (batch 16),5,blanket,283854,0,0,0.0
office1,SAM-only (batch 16),6,blinds,1264927,0,0,0.0
office1,SAM-only (batch 16),8,bottle,1589,0,0,0.0
office1,SAM-only (batch 16),14,chair,366989,0,0,0.0
office1,SAM-only (batch 16),16,cloth,15691,13799,13799,87.94213243260468
office1,SAM-only (batch 16),20,desk,271407,0,0,0.0
office1,SAM-only (batch 16),21,desk-organizer,60705,0,0,0.0
office1,SAM-only (batch 16),25,lamp,231,0,0,0.0
office1,SAM-only (batch 16),26,monitor,172544,2238092,172010,7.683731002856216
office1,SAM-only (batch 16),28,panel,28966,0,0,0.0
office1,SAM-only (batch 16),30,pillar,284841,25,0,0.0
office1,SAM-only (batch 16),31,pillow,796724,1101907,707620,59.41338912906766
office1,SAM-only (batch 16),40,switch,1712,1435,235,8.070054945054945
office1,SAM-only (batch 16),41,table,61620,0,0,0.0
office1,SAM-only (batch 16),43,tissue-paper,8923,52011,7589,14.226263004967663
office1,SAM-only (batch 16),47,vent,0,213925,0,0.0
office1,SAM-only (batch 16),49,wall-plug,1506,0,0,0.0
