d_p,amplitude_m,frame,shift_m,static_points,false_dynamic_static,dynamic_points,detected_dynamic
1,0.0,004390.pcd,0.0,125615,1655,268,268
1,0.0,004391.pcd,0.0,125768,1392,279,277
1,0.0,004392.pcd,0.0,125962,1468,296,295
1,0.0,004393.pcd,0.0,125869,1451,318,315
1,0.0,004394.pcd,0.0,125722,1531,336,330
1,0.0,004395.pcd,0.0,125742,1602,350,349
1,0.0,004396.pcd,0.0,125590,1601,371,369
1,0.0,004397.pcd,0.0,125400,1782,386,379
1,0.0,004398.pcd,0.0,125130,1827,392,387
1,0.0,004399.pcd,0.0,125101,1895,398,391
1,0.0,004400.pcd,0.0,124903,2074,479,446
1,0.0,004401.pcd,0.0,124781,1971,520,468
1,0.0,004402.pcd,0.0,124841,2181,476,475
1,0.0,004403.pcd,0.0,124866,2218,514,513
1,0.0,004404.pcd,0.0,124960,2368,523,522
1,0.0,004405.pcd,0.0,125000,2502,557,544
1,0.0,004406.pcd,0.0,125116,2600,558,557
1,0.0,004407.pcd,0.0,125131,2747,615,607
1,0.0,004408.pcd,0.0,125145,3008,650,644
1,0.0,004409.pcd,0.0,125236,3101,656,654
1,0.0,004410.pcd,0.0,125237,3304,655,655
1,0.0,004411.pcd,0.0,125301,3400,647,647
1,0.0,004412.pcd,0.0,125189,3581,625,625
1,0.0,004413.pcd,0.0,125255,4001,609,609
1,0.0,004414.pcd,0.0,125333,4232,609,609
1,0.0,004415.pcd,0.0,125275,4471,620,620
1,0.0,004416.pcd,0.0,125230,4900,597,597
1,0.0,004417.pcd,0.0,125226,4784,558,558
1,0.0,004418.pcd,0.0,125265,5034,542,542
1,0.0,004419.pcd,0.0,125250,5711,546,544
1,0.0,004420.pcd,0.0,125191,5978,497,496
1,0.0,004421.pcd,0.0,125229,6440,476,475
1,0.0,004422.pcd,0.0,125244,6810,449,448
1,0.0,004423.pcd,0.0,125171,7004,437,435
1,0.0,004424.pcd,0.0,125245,7719,405,405
1,0.0,004425.pcd,0.0,125231,8266,388,386
1,0.0,004426.pcd,0.0,125275,9099,382,382
1,0.0,004427.pcd,0.0,125316,9351,359,358
1,0.0,004428.pcd,0.0,125298,10200,342,341
1,0.0,004429.pcd,0.0,125276,10286,340,336
1,0.0,004430.pcd,0.0,125180,10923,305,303
1,0.0,004431.pcd,0.0,125186,10553,289,288
1,0.0,004432.pcd,0.0,125181,11406,280,279
1,0.0,004433.pcd,0.0,125177,12275,285,279
1,0.0,004434.pcd,0.0,125048,12382,283,264
1,0.0,004435.pcd,0.0,125150,11512,258,250
1,0.0,004436.pcd,0.0,125205,11110,237,233
1,0.0,004437.pcd,0.0,125195,11494,211,206
1,0.0,004438.pcd,0.0,125138,11747,198,193
1,0.0,004439.pcd,0.0,125240,11176,195,191
1,0.0,004440.pcd,0.0,125246,13651,176,173
1,0.0,004441.pcd,0.0,125330,11960,183,176
1,0.0,004442.pcd,0.0,125276,12481,177,177
1,0.0,004443.pcd,0.0,125273,12380,191,191
1,0.0,004444.pcd,0.0,125249,14271,178,178
1,0.0,004445.pcd,0.0,125206,15052,173,172
1,0.0,004446.pcd,0.0,125054,13912,177,174
1,0.0,004447.pcd,0.0,124930,11069,174,167
1,0.0,004448.pcd,0.0,124694,10109,173,172
1,0.0,004449.pcd,0.0,124613,8732,171,170
1,0.0,004450.pcd,0.0,124411,7751,182,182
1,0.0,004451.pcd,0.0,124399,7443,180,179
1,0.0,004452.pcd,0.0,124237,8487,180,178
1,0.0,004453.pcd,0.0,124104,7576,200,198
1,0.0,004454.pcd,0.0,123877,7558,217,206
1,0.0,004455.pcd,0.0,123534,7272,235,225
1,0.0,004456.pcd,0.0,122840,6620,248,241
1,0.0,004457.pcd,0.0,121836,6390,270,268
1,0.0,004458.pcd,0.0,120798,6436,284,277
1,0.0,004459.pcd,0.0,119987,7043,324,315
1,0.0,004460.pcd,0.0,119714,7592,377,369
1,0.0,004461.pcd,-0.0,120196,7712,451,443
1,0.0,004462.pcd,-0.0,119672,8274,529,518
1,0.0,004463.pcd,-0.0,119163,8161,626,626
1,0.0,004464.pcd,-0.0,119266,8124,773,772
1,0.0,004465.pcd,-0.0,119805,8683,964,962
1,0.0,004466.pcd,-0.0,120961,8315,1168,1167
1,0.0,004467.pcd,-0.0,121589,8935,1470,1470
1,0.0,004468.pcd,-0.0,121667,9669,2056,2051
1,0.0,004469.pcd,-0.0,120906,8955,2919,2905
1,0.0,004470.pcd,-0.0,119056,8566,4873,4826
1,0.0,004471.pcd,-0.0,116685,7847,7210,7182
1,0.0,004472.pcd,-0.0,114665,9401,8596,8569
1,0.0,004473.pcd,-0.0,114594,10690,8644,8642
1,0.0,004474.pcd,-0.0,116077,11290,7291,7289
1,0.0,004475.pcd,-0.0,118116,12783,5584,5581
1,0.0,004476.pcd,-0.0,120090,11600,3804,3801
1,0.0,004477.pcd,-0.0,121569,11683,2223,2167
1,0.0,004478.pcd,-0.0,122500,12663,1551,1542
1,0.0,004479.pcd,-0.0,123075,14859,1206,1173
1,0.0,004480.pcd,-0.0,123224,13432,994,962
1,0.0,004481.pcd,-0.0,123274,13032,824,812
1,0.0,004482.pcd,-0.0,123148,12244,664,638
1,0.0,004483.pcd,-0.0,122727,11130,543,514
1,0.0,004484.pcd,-0.0,122348,10590,439,415
1,0.0,004485.pcd,-0.0,122026,11207,385,362
1,0.0,004486.pcd,-0.0,121381,12124,310,299
1,0.0,004487.pcd,-0.0,120943,11928,275,264
1,0.0,004488.pcd,-0.0,120599,11306,242,235
1,0.0,004489.pcd,-0.0,119567,10554,213,203
1,0.0,004490.pcd,-0.0,118640,10574,206,190
1,0.0,004491.pcd,-0.0,117221,11626,201,190
1,0.0,004492.pcd,-0.0,115433,13443,171,158
1,0.0,004493.pcd,-0.0,113578,14498,184,175
1,0.0,004494.pcd,-0.0,114451,14447,157,153
1,0.0,004495.pcd,-0.0,116364,12895,112,102
1,0.0,004496.pcd,-0.0,117569,13382,118,116
1,0.0,004497.pcd,-0.0,118817,12308,127,121
1,0.0,004498.pcd,-0.0,120047,12465,96,92
1,0.0,004499.pcd,-0.0,121176,12510,91,90
1,0.0,004500.pcd,-0.0,122296,12275,82,82
1,0.0,004501.pcd,-0.0,122968,11320,45,45
1,0.0,004502.pcd,-0.0,123100,10667,46,46
1,0.0,004503.pcd,-0.0,122998,10600,47,47
1,0.0,004504.pcd,-0.0,122609,11039,44,44
1,0.0,004505.pcd,-0.0,122523,10981,43,43
1,0.0,004506.pcd,-0.0,122191,10540,44,44
1,0.0,004507.pcd,-0.0,121137,11116,42,42
1,0.0,004508.pcd,-0.0,120864,10825,38,38
1,0.0,004509.pcd,-0.0,121119,10802,46,46
1,0.0,004510.pcd,-0.0,121197,10831,43,43
1,0.0,004511.pcd,-0.0,120948,10911,45,45
1,0.0,004512.pcd,-0.0,121127,11334,52,51
1,0.0,004513.pcd,-0.0,120645,11617,42,40
1,0.0,004514.pcd,-0.0,120411,11909,49,45
1,0.0,004515.pcd,-0.0,119993,10306,51,49
1,0.0,004516.pcd,-0.0,119200,10839,92,88
1,0.0,004517.pcd,-0.0,118461,11505,65,60
1,0.0,004518.pcd,-0.0,117504,11717,50,45
1,0.0,004519.pcd,-0.0,116749,11597,54,50
1,0.0,004520.pcd,-0.0,116946,11927,54,47
1,0.0,004521.pcd,-0.0,118305,12247,58,51
1,0.0,004522.pcd,-0.0,119358,12529,53,45
1,0.0,004523.pcd,-0.0,119003,13086,54,45
1,0.0,004524.pcd,-0.0,119694,12485,51,40
1,0.0,004525.pcd,-0.0,120685,11584,55,44
1,0.0,004526.pcd,-0.0,121278,10824,63,49
1,0.0,004527.pcd,-0.0,121389,10224,59,44
1,0.0,004528.pcd,-0.0,121843,11686,64,46
1,0.0,004529.pcd,-0.0,122035,13138,61,40
1,0.0,004530.pcd,-0.0,122263,11561,65,39
1,0.1,004390.pcd,0.0,125615,1111,268,267
1,0.1,004391.pcd,0.004486483035051492,125768,1053,279,277
1,0.1,004392.pcd,0.00896393089034335,125962,1193,296,294
1,0.1,004393.pcd,0.013423326581765547,125869,1205,318,313
1,0.1,004394.pcd,0.017855689479863667,125722,1230,336,329
1,0.1,004395.pcd,0.02225209339563144,125742,1326,350,350
1,0.1,004396.pcd,0.026603684556667513,125590,1374,371,370
1,0.1,004397.pcd,0.03090169943749474,125400,1590,386,383
1,0.1,004398.pcd,0.03513748240813427,125130,1677,392,390
1,0.1,004399.pcd,0.03930250316539236,125101,1848,398,397
1,0.1,004400.pcd,0.04338837391175582,124903,1930,479,456
1,0.1,004401.pcd,0.04738686624729987,124781,1870,520,477
1,0.1,004402.pcd,0.051289927740590616,124841,2095,476,476
1,0.1,004403.pcd,0.05508969814521025,124866,2186,514,511
1,0.1,004404.pcd,0.058778525229247314,124960,2278,523,521
1,0.1,004405.pcd,0.06234898018587335,125000,2495,557,555
1,0.1,004406.pcd,0.06579387259397126,125116,2552,558,557
1,0.1,004407.pcd,0.06910626489868647,125131,2723,615,612
1,0.1,004408.pcd,0.07227948638273916,125145,2932,650,647
1,0.1,004409.pcd,0.07530714660036109,125236,3043,656,652
1,0.1,004410.pcd,0.07818314824680299,125237,3243,655,655
1,0.1,004411.pcd,0.08090169943749476,125301,3328,647,644
1,0.1,004412.pcd,0.08345732537213027,125189,3472,625,622
1,0.1,004413.pcd,0.08584487936018662,125255,3758,609,609
1,0.1,004414.pcd,0.08805955318567381,125333,4056,609,609
1,0.1,004415.pcd,0.09009688679024191,125275,4159,620,620
1,0.1,004416.pcd,0.09195277725514506,125230,4592,597,597
1,0.1,004417.pcd,0.09362348706397372,125226,4368,558,558
1,0.1,004418.pcd,0.09510565162951536,125265,4873,542,542
1,0.1,004419.pcd,0.09639628606958534,125250,5345,546,544
1,0.1,004420.pcd,0.09749279121818237,125191,5705,497,496
1,0.1,004421.pcd,0.09839295885986298,125229,6112,476,475
1,0.1,004422.pcd,0.09909497617679347,125244,6544,449,448
1,0.1,004423.pcd,0.09959742939952392,125171,6541,437,435
1,0.1,004424.pcd,0.09989930665413146,125245,7275,405,405
1,0.1,004425.pcd,0.1,125231,7989,388,386
1,0.1,004426.pcd,0.09989930665413148,125275,8687,382,382
1,0.1,004427.pcd,0.09959742939952392,125316,9124,359,358
1,0.1,004428.pcd,0.09909497617679348,125298,9864,342,341
1,0.1,004429.pcd,0.09839295885986298,125276,9940,340,336
1,0.1,004430.pcd,0.09749279121818237,125180,10437,305,303
1,0.1,004431.pcd,0.09639628606958534,125186,9982,289,288
1,0.1,004432.pcd,0.09510565162951537,125181,10698,280,279
1,0.1,004433.pcd,0.09362348706397372,125177,11318,285,272
1,0.1,004434.pcd,0.09195277725514507,125048,11769,283,277
1,0.1,004435.pcd,0.09009688679024191,125150,11070,258,254
1,0.1,004436.pcd,0.08805955318567381,125205,10702,237,231
1,0.1,004437.pcd,0.08584487936018662,125195,10978,211,204
1,0.1,004438.pcd,0.08345732537213027,125138,11133,198,188
1,0.1,004439.pcd,0.08090169943749476,125240,10684,195,192
1,0.1,004440.pcd,0.078183148246803,125246,13020,176,174
1,0.1,004441.pcd,0.0753071466003611,125330,11578,183,177
1,0.1,004442.pcd,0.07227948638273916,125276,11951,177,177
1,0.1,004443.pcd,0.06910626489868647,125273,11900,191,191
1,0.1,004444.pcd,0.06579387259397128,125249,13858,178,178
1,0.1,004445.pcd,0.062348980185873364,125206,14525,173,172
1,0.1,004446.pcd,0.05877852522924733,125054,13347,177,174
1,0.1,004447.pcd,0.05508969814521027,124930,10776,174,172
1,0.1,004448.pcd,0.05128992774059063,124694,9758,173,172
1,0.1,004449.pcd,0.047386866247299875,124613,8509,171,170
1,0.1,004450.pcd,0.043388373911755825,124411,7486,182,182
1,0.1,004451.pcd,0.039302503165392376,124399,7283,180,175
1,0.1,004452.pcd,0.03513748240813428,124237,8355,180,177
1,0.1,004453.pcd,0.030901699437494753,124104,7558,200,197
1,0.1,004454.pcd,0.026603684556667524,123877,7653,217,206
1,0.1,004455.pcd,0.022252093395631452,123534,7307,235,225
1,0.1,004456.pcd,0.017855689479863678,122840,6532,248,241
1,0.1,004457.pcd,0.01342332658176556,121836,6206,270,269
1,0.1,004458.pcd,0.008963930890343362,120798,6590,284,280
1,0.1,004459.pcd,0.004486483035051505,119987,7047,324,317
1,0.1,004460.pcd,1.2246467991473533e-17,119714,7761,377,369
1,0.1,004461.pcd,-0.00448648303505148,120196,8226,451,443
1,0.1,004462.pcd,-0.008963930890343337,119672,8681,529,518
1,0.1,004463.pcd,-0.013423326581765536,119163,8636,626,626
1,0.1,004464.pcd,-0.017855689479863653,119266,8501,773,772
1,0.1,004465.pcd,-0.02225209339563143,119805,8938,964,963
1,0.1,004466.pcd,-0.026603684556667496,120961,8684,1168,1165
1,0.1,004467.pcd,-0.03090169943749473,121589,9226,1470,1470
1,0.1,004468.pcd,-0.03513748240813426,121667,10217,2056,2053
1,0.1,004469.pcd,-0.039302503165392355,120906,9617,2919,2903
1,0.1,004470.pcd,-0.043388373911755804,119056,9124,4873,4828
1,0.1,004471.pcd,-0.047386866247299854,116685,8632,7210,7185
1,0.1,004472.pcd,-0.0512899277405906,114665,10042,8596,8570
1,0.1,004473.pcd,-0.055089698145210246,114594,11106,8644,8643
1,0.1,004474.pcd,-0.05877852522924731,116077,11765,7291,7290
1,0.1,004475.pcd,-0.06234898018587334,118116,12988,5584,5581
1,0.1,004476.pcd,-0.06579387259397125,120090,12123,3804,3799
1,0.1,004477.pcd,-0.06910626489868646,121569,12021,2223,2167
1,0.1,004478.pcd,-0.07227948638273915,122500,12922,1551,1541
1,0.1,004479.pcd,-0.07530714660036109,123075,15003,1206,1173
1,0.1,004480.pcd,-0.07818314824680297,123224,13941,994,970
1,0.1,004481.pcd,-0.08090169943749474,123274,13116,824,815
1,0.1,004482.pcd,-0.08345732537213026,123148,12414,664,640
1,0.1,004483.pcd,-0.0858448793601866,122727,11241,543,515
1,0.1,004484.pcd,-0.0880595531856738,122348,10783,439,416
1,0.1,004485.pcd,-0.09009688679024191,122026,11452,385,362
1,0.1,004486.pcd,-0.09195277725514506,121381,12095,310,298
1,0.1,004487.pcd,-0.09362348706397372,120943,12182,275,264
1,0.1,004488.pcd,-0.09510565162951536,120599,11521,242,235
1,0.1,004489.pcd,-0.09639628606958534,119567,10948,213,203
1,0.1,004490.pcd,-0.09749279121818237,118640,11031,206,191
1,0.1,004491.pcd,-0.09839295885986298,117221,12076,201,189
1,0.1,004492.pcd,-0.09909497617679347,115433,13876,171,158
1,0.1,004493.pcd,-0.09959742939952392,113578,14615,184,176
1,0.1,004494.pcd,-0.09989930665413146,114451,14540,157,153
1,0.1,004495.pcd,-0.1,116364,13178,112,101
1,0.1,004496.pcd,-0.09989930665413148,117569,13563,118,116
1,0.1,004497.pcd,-0.09959742939952392,118817,12498,127,121
1,0.1,004498.pcd,-0.09909497617679348,120047,12765,96,92
1,0.1,004499.pcd,-0.09839295885986298,121176,12764,91,90
1,0.1,004500.pcd,-0.09749279121818237,122296,12580,82,82
1,0.1,004501.pcd,-0.09639628606958534,122968,11660,45,45
1,0.1,004502.pcd,-0.09510565162951537,123100,10905,46,46
1,0.1,004503.pcd,-0.09362348706397373,122998,10888,47,47
1,0.1,004504.pcd,-0.09195277725514507,122609,11372,44,44
1,0.1,004505.pcd,-0.09009688679024193,122523,11215,43,43
1,0.1,004506.pcd,-0.08805955318567382,122191,10777,44,44
1,0.1,004507.pcd,-0.08584487936018663,121137,11233,42,42
1,0.1,004508.pcd,-0.08345732537213028,120864,11140,38,38
1,0.1,004509.pcd,-0.08090169943749476,121119,11149,46,46
1,0.1,004510.pcd,-0.078183148246803,121197,10917,43,43
1,0.1,004511.pcd,-0.07530714660036111,120948,11090,45,45
1,0.1,004512.pcd,-0.07227948638273916,121127,11309,52,51
1,0.1,004513.pcd,-0.06910626489868647,120645,11410,42,40
1,0.1,004514.pcd,-0.06579387259397128,120411,11784,49,45
1,0.1,004515.pcd,-0.06234898018587337,119993,10140,51,49
1,0.1,004516.pcd,-0.05877852522924734,119200,10710,92,88
1,0.1,004517.pcd,-0.05508969814521028,118461,11367,65,60
1,0.1,004518.pcd,-0.051289927740590636,117504,11587,50,45
1,0.1,004519.pcd,-0.04738686624729989,116749,11372,54,50
1,0.1,004520.pcd,-0.04338837391175584,116946,11708,54,47
1,0.1,004521.pcd,-0.03930250316539238,118305,11986,58,51
1,0.1,004522.pcd,-0.035137482408134295,119358,12132,53,45
1,0.1,004523.pcd,-0.030901699437494767,119003,12627,54,45
1,0.1,004524.pcd,-0.026603684556667534,119694,12122,51,40
1,0.1,004525.pcd,-0.022252093395631466,120685,11255,55,44
1,0.1,004526.pcd,-0.017855689479863688,121278,10498,63,49
1,0.1,004527.pcd,-0.013423326581765573,121389,10015,59,44
1,0.1,004528.pcd,-0.008963930890343376,121843,11628,64,46
1,0.1,004529.pcd,-0.004486483035051517,122035,12671,61,40
1,0.1,004530.pcd,-2.4492935982947065e-17,122263,10941,65,39
1,0.3,004390.pcd,0.0,125615,4291,268,266
1,0.3,004391.pcd,0.013459449105154477,125768,4236,279,278
1,0.3,004392.pcd,0.02689179267103005,125962,3871,296,294
1,0.3,004393.pcd,0.040269979745296634,125869,3415,318,316
1,0.3,004394.pcd,0.05356706843959099,125722,3060,336,329
1,0.3,004395.pcd,0.06675628018689432,125742,3040,350,350
1,0.3,004396.pcd,0.07981105367000253,125590,2994,371,369
1,0.3,004397.pcd,0.09270509831248422,125400,2998,386,383
1,0.3,004398.pcd,0.10541244722440281,125130,2842,392,390
1,0.3,004399.pcd,0.11790750949617708,125101,3128,398,397
1,0.3,004400.pcd,0.13016512173526743,124903,3009,479,454
1,0.3,004401.pcd,0.1421605987418996,124781,2891,520,477
1,0.3,004402.pcd,0.15386978322177183,124841,3054,476,476
1,0.3,004403.pcd,0.16526909443563076,124866,3104,514,513
1,0.3,004404.pcd,0.17633557568774194,124960,3318,523,520
1,0.3,004405.pcd,0.18704694055762003,125000,3524,557,556
1,0.3,004406.pcd,0.19738161778191377,125116,3728,558,558
1,0.3,004407.pcd,0.20731879469605938,125131,3881,615,611
1,0.3,004408.pcd,0.21683845914821745,125145,4036,650,648
1,0.3,004409.pcd,0.22592143980108326,125236,4186,656,651
1,0.3,004410.pcd,0.23454944474040892,125237,4526,655,655
1,0.3,004411.pcd,0.2427050983124842,125301,4684,647,644
1,0.3,004412.pcd,0.2503719761163908,125189,5009,625,625
1,0.3,004413.pcd,0.2575346380805598,125255,5360,609,609
1,0.3,004414.pcd,0.2641786595570214,125333,5664,609,609
1,0.3,004415.pcd,0.27029066037072574,125275,5922,620,620
1,0.3,004416.pcd,0.27585833176543517,125230,6302,597,597
1,0.3,004417.pcd,0.28087046119192116,125226,6336,558,558
1,0.3,004418.pcd,0.285316954888546,125265,6986,542,542
1,0.3,004419.pcd,0.28918885820875595,125250,7584,546,544
1,0.3,004420.pcd,0.2924783736545471,125191,7962,497,496
1,0.3,004421.pcd,0.2951788765795889,125229,8604,476,475
1,0.3,004422.pcd,0.2972849285303804,125244,8914,449,448
1,0.3,004423.pcd,0.29879228819857173,125171,8981,437,435
1,0.3,004424.pcd,0.29969791996239437,125245,9615,405,405
1,0.3,004425.pcd,0.3,125231,10314,388,386
1,0.3,004426.pcd,0.2996979199623944,125275,11119,382,382
1,0.3,004427.pcd,0.29879228819857173,125316,11297,359,358
1,0.3,004428.pcd,0.2972849285303804,125298,11651,342,341
1,0.3,004429.pcd,0.2951788765795889,125276,11779,340,336
1,0.3,004430.pcd,0.2924783736545471,125180,12185,305,303
1,0.3,004431.pcd,0.289188858208756,125186,11554,289,288
1,0.3,004432.pcd,0.2853169548885461,125181,12034,280,279
1,0.3,004433.pcd,0.28087046119192116,125177,12499,285,272
1,0.3,004434.pcd,0.27585833176543517,125048,12862,283,277
1,0.3,004435.pcd,0.27029066037072574,125150,12020,258,245
1,0.3,004436.pcd,0.2641786595570214,125205,11887,237,232
1,0.3,004437.pcd,0.2575346380805598,125195,11728,211,205
1,0.3,004438.pcd,0.2503719761163908,125138,11654,198,188
1,0.3,004439.pcd,0.2427050983124842,125240,11614,195,191
1,0.3,004440.pcd,0.23454944474040895,125246,13661,176,174
1,0.3,004441.pcd,0.22592143980108328,125330,12607,183,176
1,0.3,004442.pcd,0.21683845914821745,125276,12466,177,177
1,0.3,004443.pcd,0.20731879469605943,125273,12961,191,190
1,0.3,004444.pcd,0.1973816177819138,125249,14767,178,178
1,0.3,004445.pcd,0.18704694055762008,125206,15386,173,172
1,0.3,004446.pcd,0.17633557568774197,125054,14504,177,174
1,0.3,004447.pcd,0.1652690944356308,124930,11659,174,171
1,0.3,004448.pcd,0.15386978322177186,124694,10697,173,172
1,0.3,004449.pcd,0.14216059874189962,124613,9183,171,171
1,0.3,004450.pcd,0.13016512173526745,124411,8462,182,182
1,0.3,004451.pcd,0.11790750949617711,124399,8312,180,177
1,0.3,004452.pcd,0.10541244722440284,124237,10037,180,178
1,0.3,004453.pcd,0.09270509831248425,124104,9617,200,196
1,0.3,004454.pcd,0.07981105367000256,123877,10197,217,207
1,0.3,004455.pcd,0.06675628018689435,123534,10305,235,225
1,0.3,004456.pcd,0.053567068439591026,122840,9665,248,241
1,0.3,004457.pcd,0.040269979745296676,121836,9343,270,269
1,0.3,004458.pcd,0.026891792671030087,120798,9381,284,279
1,0.3,004459.pcd,0.013459449105154514,119987,9768,324,318
1,0.3,004460.pcd,3.6739403974420595e-17,119714,10437,377,371
1,0.3,004461.pcd,-0.013459449105154439,120196,11457,451,445
1,0.3,004462.pcd,-0.02689179267103001,119672,12042,529,515
1,0.3,004463.pcd,-0.04026997974529661,119163,12153,626,626
1,0.3,004464.pcd,-0.05356706843959095,119266,12580,773,771
1,0.3,004465.pcd,-0.06675628018689428,119805,13051,964,962
1,0.3,004466.pcd,-0.07981105367000248,120961,12979,1168,1167
1,0.3,004467.pcd,-0.09270509831248418,121589,13926,1470,1470
1,0.3,004468.pcd,-0.10541244722440277,121667,15101,2056,2053
1,0.3,004469.pcd,-0.11790750949617704,120906,14444,2919,2903
1,0.3,004470.pcd,-0.1301651217352674,119056,13945,4873,4827
1,0.3,004471.pcd,-0.14216059874189954,116685,13468,7210,7182
1,0.3,004472.pcd,-0.1538697832217718,114665,13928,8596,8575
1,0.3,004473.pcd,-0.16526909443563073,114594,15221,8644,8644
1,0.3,004474.pcd,-0.1763355756877419,116077,15232,7291,7291
1,0.3,004475.pcd,-0.18704694055762,118116,15485,5584,5581
1,0.3,004476.pcd,-0.19738161778191374,120090,15094,3804,3800
1,0.3,004477.pcd,-0.20731879469605935,121569,14894,2223,2172
1,0.3,004478.pcd,-0.21683845914821742,122500,15029,1551,1541
1,0.3,004479.pcd,-0.22592143980108326,123075,16752,1206,1173
1,0.3,004480.pcd,-0.2345494447404089,123224,15941,994,969
1,0.3,004481.pcd,-0.24270509831248419,123274,14782,824,813
1,0.3,004482.pcd,-0.2503719761163907,123148,13822,664,641
1,0.3,004483.pcd,-0.25753463808055976,122727,13042,543,515
1,0.3,004484.pcd,-0.26417865955702136,122348,12414,439,421
1,0.3,004485.pcd,-0.2702906603707257,122026,13050,385,362
1,0.3,004486.pcd,-0.27585833176543517,121381,13792,310,298
1,0.3,004487.pcd,-0.28087046119192116,120943,13747,275,266
1,0.3,004488.pcd,-0.285316954888546,120599,12976,242,236
1,0.3,004489.pcd,-0.28918885820875595,119567,12470,213,204
1,0.3,004490.pcd,-0.2924783736545471,118640,12280,206,192
1,0.3,004491.pcd,-0.2951788765795889,117221,13166,201,190
1,0.3,004492.pcd,-0.2972849285303804,115433,14878,171,158
1,0.3,004493.pcd,-0.29879228819857173,113578,15749,184,176
1,0.3,004494.pcd,-0.29969791996239437,114451,15749,157,153
1,0.3,004495.pcd,-0.3,116364,14015,112,102
1,0.3,004496.pcd,-0.2996979199623944,117569,14296,118,116
1,0.3,004497.pcd,-0.29879228819857173,118817,13429,127,121
1,0.3,004498.pcd,-0.2972849285303804,120047,13760,96,92
1,0.3,004499.pcd,-0.2951788765795889,121176,13571,91,90
1,0.3,004500.pcd,-0.2924783736545471,122296,13366,82,82
1,0.3,004501.pcd,-0.289188858208756,122968,12475,45,45
1,0.3,004502.pcd,-0.2853169548885461,123100,11611,46,46
1,0.3,004503.pcd,-0.28087046119192116,122998,11689,47,47
1,0.3,004504.pcd,-0.27585833176543517,122609,12218,44,44
1,0.3,004505.pcd,-0.27029066037072574,122523,11683,43,43
1,0.3,004506.pcd,-0.2641786595570214,122191,11449,44,44
1,0.3,004507.pcd,-0.2575346380805599,121137,11412,42,42
1,0.3,004508.pcd,-0.25037197611639084,120864,11649,38,38
1,0.3,004509.pcd,-0.24270509831248427,121119,11498,46,46
1,0.3,004510.pcd,-0.23454944474040895,121197,10967,43,43
1,0.3,004511.pcd,-0.2259214398010833,120948,11353,45,45
1,0.3,004512.pcd,-0.2168384591482175,121127,11415,52,51
1,0.3,004513.pcd,-0.20731879469605943,120645,11527,42,40
1,0.3,004514.pcd,-0.19738161778191385,120411,11773,49,45
1,0.3,004515.pcd,-0.1870469405576201,119993,10110,51,49
1,0.3,004516.pcd,-0.176335575687742,119200,10584,92,88
1,0.3,004517.pcd,-0.16526909443563081,118461,11430,65,60
1,0.3,004518.pcd,-0.1538697832217719,117504,11408,50,45
1,0.3,004519.pcd,-0.14216059874189965,116749,11286,54,50
1,0.3,004520.pcd,-0.1301651217352675,116946,11515,54,47
1,0.3,004521.pcd,-0.11790750949617715,118305,11509,58,51
1,0.3,004522.pcd,-0.10541244722440286,119358,11496,53,45
1,0.3,004523.pcd,-0.0927050983124843,119003,11987,54,45
1,0.3,004524.pcd,-0.0798110536700026,119694,11673,51,40
1,0.3,004525.pcd,-0.06675628018689439,120685,10945,55,44
1,0.3,004526.pcd,-0.05356706843959106,121278,10340,63,49
1,0.3,004527.pcd,-0.04026997974529671,121389,9923,59,44
1,0.3,004528.pcd,-0.02689179267103012,121843,11571,64,46
1,0.3,004529.pcd,-0.01345944910515455,122035,12606,61,40
1,0.3,004530.pcd,-7.347880794884119e-17,122263,11081,65,39
2,0.0,004390.pcd,0.0,125615,69,268,262
2,0.0,004391.pcd,0.0,125768,57,279,271
2,0.0,004392.pcd,0.0,125962,54,296,290
2,0.0,004393.pcd,0.0,125869,55,318,311
2,0.0,004394.pcd,0.0,125722,78,336,317
2,0.0,004395.pcd,0.0,125742,73,350,331
2,0.0,004396.pcd,0.0,125590,84,371,349
2,0.0,004397.pcd,0.0,125400,84,386,368
2,0.0,004398.pcd,0.0,125130,96,392,377
2,0.0,004399.pcd,0.0,125101,113,398,373
2,0.0,004400.pcd,0.0,124903,101,479,422
2,0.0,004401.pcd,0.0,124781,99,520,452
2,0.0,004402.pcd,0.0,124841,107,476,458
2,0.0,004403.pcd,0.0,124866,88,514,486
2,0.0,004404.pcd,0.0,124960,111,523,497
2,0.0,004405.pcd,0.0,125000,146,557,533
2,0.0,004406.pcd,0.0,125116,131,558,552
2,0.0,004407.pcd,0.0,125131,145,615,599
2,0.0,004408.pcd,0.0,125145,130,650,615
2,0.0,004409.pcd,0.0,125236,148,656,637
2,0.0,004410.pcd,0.0,125237,161,655,620
2,0.0,004411.pcd,0.0,125301,184,647,626
2,0.0,004412.pcd,0.0,125189,175,625,610
2,0.0,004413.pcd,0.0,125255,205,609,605
2,0.0,004414.pcd,0.0,125333,222,609,596
2,0.0,004415.pcd,0.0,125275,235,620,607
2,0.0,004416.pcd,0.0,125230,228,597,586
2,0.0,004417.pcd,0.0,125226,240,558,542
2,0.0,004418.pcd,0.0,125265,236,542,526
2,0.0,004419.pcd,0.0,125250,262,546,533
2,0.0,004420.pcd,0.0,125191,280,497,487
2,0.0,004421.pcd,0.0,125229,259,476,463
2,0.0,004422.pcd,0.0,125244,270,449,438
2,0.0,004423.pcd,0.0,125171,279,437,432
2,0.0,004424.pcd,0.0,125245,278,405,400
2,0.0,004425.pcd,0.0,125231,265,388,380
2,0.0,004426.pcd,0.0,125275,274,382,377
2,0.0,004427.pcd,0.0,125316,288,359,352
2,0.0,004428.pcd,0.0,125298,258,342,336
2,0.0,004429.pcd,0.0,125276,295,340,332
2,0.0,004430.pcd,0.0,125180,309,305,284
2,0.0,004431.pcd,0.0,125186,201,289,242
2,0.0,004432.pcd,0.0,125181,187,280,241
2,0.0,004433.pcd,0.0,125177,326,285,222
2,0.0,004434.pcd,0.0,125048,291,283,210
2,0.0,004435.pcd,0.0,125150,257,258,220
2,0.0,004436.pcd,0.0,125205,392,237,223
2,0.0,004437.pcd,0.0,125195,487,211,199
2,0.0,004438.pcd,0.0,125138,409,198,179
2,0.0,004439.pcd,0.0,125240,294,195,182
2,0.0,004440.pcd,0.0,125246,608,176,164
2,0.0,004441.pcd,0.0,125330,327,183,153
2,0.0,004442.pcd,0.0,125276,346,177,149
2,0.0,004443.pcd,0.0,125273,432,191,154
2,0.0,004444.pcd,0.0,125249,1174,178,158
2,0.0,004445.pcd,0.0,125206,1288,173,162
2,0.0,004446.pcd,0.0,125054,1331,177,165
2,0.0,004447.pcd,0.0,124930,363,174,150
2,0.0,004448.pcd,0.0,124694,521,173,147
2,0.0,004449.pcd,0.0,124613,387,171,134
2,0.0,004450.pcd,0.0,124411,534,182,156
2,0.0,004451.pcd,0.0,124399,532,180,156
2,0.0,004452.pcd,0.0,124237,419,180,160
2,0.0,004453.pcd,0.0,124104,482,200,184
2,0.0,004454.pcd,0.0,123877,422,217,193
2,0.0,004455.pcd,0.0,123534,414,235,207
2,0.0,004456.pcd,0.0,122840,333,248,225
2,0.0,004457.pcd,0.0,121836,303,270,236
2,0.0,004458.pcd,0.0,120798,369,284,260
2,0.0,004459.pcd,0.0,119987,360,324,283
2,0.0,004460.pcd,0.0,119714,358,377,335
2,0.0,004461.pcd,-0.0,120196,349,451,396
2,0.0,004462.pcd,-0.0,119672,371,529,466
2,0.0,004463.pcd,-0.0,119163,349,626,585
2,0.0,004464.pcd,-0.0,119266,460,773,724
2,0.0,004465.pcd,-0.0,119805,440,964,909
2,0.0,004466.pcd,-0.0,120961,380,1168,1114
2,0.0,004467.pcd,-0.0,121589,358,1470,1431
2,0.0,004468.pcd,-0.0,121667,503,2056,2022
2,0.0,004469.pcd,-0.0,120906,376,2919,2841
2,0.0,004470.pcd,-0.0,119056,422,4873,4667
2,0.0,004471.pcd,-0.0,116685,428,7210,7110
2,0.0,004472.pcd,-0.0,114665,481,8596,8556
2,0.0,004473.pcd,-0.0,114594,370,8644,8634
2,0.0,004474.pcd,-0.0,116077,278,7291,7282
2,0.0,004475.pcd,-0.0,118116,519,5584,5568
2,0.0,004476.pcd,-0.0,120090,366,3804,3710
2,0.0,004477.pcd,-0.0,121569,244,2223,2074
2,0.0,004478.pcd,-0.0,122500,242,1551,1485
2,0.0,004479.pcd,-0.0,123075,545,1206,1139
2,0.0,004480.pcd,-0.0,123224,284,994,939
2,0.0,004481.pcd,-0.0,123274,449,824,776
2,0.0,004482.pcd,-0.0,123148,461,664,608
2,0.0,004483.pcd,-0.0,122727,396,543,479
2,0.0,004484.pcd,-0.0,122348,323,439,393
2,0.0,004485.pcd,-0.0,122026,231,385,350
2,0.0,004486.pcd,-0.0,121381,270,310,294
2,0.0,004487.pcd,-0.0,120943,124,275,255
2,0.0,004488.pcd,-0.0,120599,194,242,222
2,0.0,004489.pcd,-0.0,119567,101,213,194
2,0.0,004490.pcd,-0.0,118640,91,206,179
2,0.0,004491.pcd,-0.0,117221,131,201,181
2,0.0,004492.pcd,-0.0,115433,112,171,149
2,0.0,004493.pcd,-0.0,113578,142,184,170
2,0.0,004494.pcd,-0.0,114451,215,157,146
2,0.0,004495.pcd,-0.0,116364,227,112,94
2,0.0,004496.pcd,-0.0,117569,296,118,116
2,0.0,004497.pcd,-0.0,118817,178,127,119
2,0.0,004498.pcd,-0.0,120047,226,96,91
2,0.0,004499.pcd,-0.0,121176,227,91,90
2,0.0,004500.pcd,-0.0,122296,237,82,82
2,0.0,004501.pcd,-0.0,122968,232,45,45
2,0.0,004502.pcd,-0.0,123100,240,46,46
2,0.0,004503.pcd,-0.0,122998,187,47,47
2,0.0,004504.pcd,-0.0,122609,118,44,44
2,0.0,004505.pcd,-0.0,122523,146,43,43
2,0.0,004506.pcd,-0.0,122191,139,44,44
2,0.0,004507.pcd,-0.0,121137,197,42,42
2,0.0,004508.pcd,-0.0,120864,143,38,38
2,0.0,004509.pcd,-0.0,121119,241,46,46
2,0.0,004510.pcd,-0.0,121197,224,43,43
2,0.0,004511.pcd,-0.0,120948,146,45,43
2,0.0,004512.pcd,-0.0,121127,141,52,51
2,0.0,004513.pcd,-0.0,120645,150,42,40
2,0.0,004514.pcd,-0.0,120411,102,49,45
2,0.0,004515.pcd,-0.0,119993,65,51,49
2,0.0,004516.pcd,-0.0,119200,85,92,88
2,0.0,004517.pcd,-0.0,118461,101,65,60
2,0.0,004518.pcd,-0.0,117504,166,50,45
2,0.0,004519.pcd,-0.0,116749,135,54,50
2,0.0,004520.pcd,-0.0,116946,163,54,47
2,0.0,004521.pcd,-0.0,118305,98,58,51
2,0.0,004522.pcd,-0.0,119358,98,53,45
2,0.0,004523.pcd,-0.0,119003,117,54,45
2,0.0,004524.pcd,-0.0,119694,83,51,40
2,0.0,004525.pcd,-0.0,120685,113,55,44
2,0.0,004526.pcd,-0.0,121278,173,63,49
2,0.0,004527.pcd,-0.0,121389,77,59,44
2,0.0,004528.pcd,-0.0,121843,46,64,46
2,0.0,004529.pcd,-0.0,122035,38,61,40
2,0.0,004530.pcd,-0.0,122263,22,65,39
2,0.1,004390.pcd,0.0,125615,75,268,262
2,0.1,004391.pcd,0.004486483035051492,125768,64,279,271
2,0.1,004392.pcd,0.00896393089034335,125962,80,296,290
2,0.1,004393.pcd,0.013423326581765547,125869,56,318,311
2,0.1,004394.pcd,0.017855689479863667,125722,79,336,321
2,0.1,004395.pcd,0.02225209339563144,125742,75,350,328
2,0.1,004396.pcd,0.026603684556667513,125590,70,371,349
2,0.1,004397.pcd,0.03090169943749474,125400,87,386,367
2,0.1,004398.pcd,0.03513748240813427,125130,95,392,377
2,0.1,004399.pcd,0.03930250316539236,125101,105,398,374
2,0.1,004400.pcd,0.04338837391175582,124903,107,479,425
2,0.1,004401.pcd,0.04738686624729987,124781,113,520,449
2,0.1,004402.pcd,0.051289927740590616,124841,121,476,456
2,0.1,004403.pcd,0.05508969814521025,124866,116,514,482
2,0.1,004404.pcd,0.058778525229247314,124960,129,523,497
2,0.1,004405.pcd,0.06234898018587335,125000,165,557,532
2,0.1,004406.pcd,0.06579387259397126,125116,161,558,548
2,0.1,004407.pcd,0.06910626489868647,125131,178,615,601
2,0.1,004408.pcd,0.07227948638273916,125145,153,650,617
2,0.1,004409.pcd,0.07530714660036109,125236,151,656,631
2,0.1,004410.pcd,0.07818314824680299,125237,147,655,632
2,0.1,004411.pcd,0.08090169943749476,125301,155,647,621
2,0.1,004412.pcd,0.08345732537213027,125189,131,625,613
2,0.1,004413.pcd,0.08584487936018662,125255,175,609,601
2,0.1,004414.pcd,0.08805955318567381,125333,183,609,590
2,0.1,004415.pcd,0.09009688679024191,125275,187,620,607
2,0.1,004416.pcd,0.09195277725514506,125230,190,597,580
2,0.1,004417.pcd,0.09362348706397372,125226,185,558,546
2,0.1,004418.pcd,0.09510565162951536,125265,210,542,524
2,0.1,004419.pcd,0.09639628606958534,125250,223,546,529
2,0.1,004420.pcd,0.09749279121818237,125191,243,497,488
2,0.1,004421.pcd,0.09839295885986298,125229,231,476,463
2,0.1,004422.pcd,0.09909497617679347,125244,220,449,438
2,0.1,004423.pcd,0.09959742939952392,125171,253,437,432
2,0.1,004424.pcd,0.09989930665413146,125245,231,405,400
2,0.1,004425.pcd,0.1,125231,221,388,380
2,0.1,004426.pcd,0.09989930665413148,125275,235,382,377
2,0.1,004427.pcd,0.09959742939952392,125316,232,359,352
2,0.1,004428.pcd,0.09909497617679348,125298,214,342,336
2,0.1,004429.pcd,0.09839295885986298,125276,238,340,332
2,0.1,004430.pcd,0.09749279121818237,125180,268,305,277
2,0.1,004431.pcd,0.09639628606958534,125186,156,289,243
2,0.1,004432.pcd,0.09510565162951537,125181,168,280,242
2,0.1,004433.pcd,0.09362348706397372,125177,271,285,217
2,0.1,004434.pcd,0.09195277725514507,125048,250,283,211
2,0.1,004435.pcd,0.09009688679024191,125150,239,258,221
2,0.1,004436.pcd,0.08805955318567381,125205,362,237,216
2,0.1,004437.pcd,0.08584487936018662,125195,438,211,200
2,0.1,004438.pcd,0.08345732537213027,125138,363,198,183
2,0.1,004439.pcd,0.08090169943749476,125240,281,195,182
2,0.1,004440.pcd,0.078183148246803,125246,540,176,165
2,0.1,004441.pcd,0.0753071466003611,125330,303,183,159
2,0.1,004442.pcd,0.07227948638273916,125276,323,177,147
2,0.1,004443.pcd,0.06910626489868647,125273,404,191,157
2,0.1,004444.pcd,0.06579387259397128,125249,1103,178,153
2,0.1,004445.pcd,0.062348980185873364,125206,1218,173,158
2,0.1,004446.pcd,0.05877852522924733,125054,1248,177,165
2,0.1,004447.pcd,0.05508969814521027,124930,319,174,142
2,0.1,004448.pcd,0.05128992774059063,124694,464,173,146
2,0.1,004449.pcd,0.047386866247299875,124613,350,171,132
2,0.1,004450.pcd,0.043388373911755825,124411,477,182,164
2,0.1,004451.pcd,0.039302503165392376,124399,473,180,156
2,0.1,004452.pcd,0.03513748240813428,124237,374,180,160
2,0.1,004453.pcd,0.030901699437494753,124104,429,200,185
2,0.1,004454.pcd,0.026603684556667524,123877,386,217,189
2,0.1,004455.pcd,0.022252093395631452,123534,359,235,218
2,0.1,004456.pcd,0.017855689479863678,122840,297,248,228
2,0.1,004457.pcd,0.01342332658176556,121836,250,270,239
2,0.1,004458.pcd,0.008963930890343362,120798,325,284,255
2,0.1,004459.pcd,0.004486483035051505,119987,302,324,284
2,0.1,004460.pcd,1.2246467991473533e-17,119714,308,377,338
2,0.1,004461.pcd,-0.00448648303505148,120196,336,451,394
2,0.1,004462.pcd,-0.008963930890343337,119672,354,529,467
2,0.1,004463.pcd,-0.013423326581765536,119163,340,626,583
2,0.1,004464.pcd,-0.017855689479863653,119266,464,773,722
2,0.1,004465.pcd,-0.02225209339563143,119805,460,964,910
2,0.1,004466.pcd,-0.026603684556667496,120961,377,1168,1131
2,0.1,004467.pcd,-0.03090169943749473,121589,369,1470,1436
2,0.1,004468.pcd,-0.03513748240813426,121667,515,2056,2021
2,0.1,004469.pcd,-0.039302503165392355,120906,394,2919,2843
2,0.1,004470.pcd,-0.043388373911755804,119056,433,4873,4677
2,0.1,004471.pcd,-0.047386866247299854,116685,440,7210,7117
2,0.1,004472.pcd,-0.0512899277405906,114665,510,8596,8556
2,0.1,004473.pcd,-0.055089698145210246,114594,355,8644,8634
2,0.1,004474.pcd,-0.05877852522924731,116077,296,7291,7278
2,0.1,004475.pcd,-0.06234898018587334,118116,514,5584,5569
2,0.1,004476.pcd,-0.06579387259397125,120090,350,3804,3712
2,0.1,004477.pcd,-0.06910626489868646,121569,236,2223,2069
2,0.1,004478.pcd,-0.07227948638273915,122500,226,1551,1489
2,0.1,004479.pcd,-0.07530714660036109,123075,524,1206,1139
2,0.1,004480.pcd,-0.07818314824680297,123224,275,994,935
2,0.1,004481.pcd,-0.08090169943749474,123274,437,824,782
2,0.1,004482.pcd,-0.08345732537213026,123148,455,664,611
2,0.1,004483.pcd,-0.0858448793601866,122727,393,543,482
2,0.1,004484.pcd,-0.0880595531856738,122348,322,439,393
2,0.1,004485.pcd,-0.09009688679024191,122026,230,385,349
2,0.1,004486.pcd,-0.09195277725514506,121381,293,310,293
2,0.1,004487.pcd,-0.09362348706397372,120943,126,275,255
2,0.1,004488.pcd,-0.09510565162951536,120599,201,242,224
2,0.1,004489.pcd,-0.09639628606958534,119567,114,213,193
2,0.1,004490.pcd,-0.09749279121818237,118640,108,206,179
2,0.1,004491.pcd,-0.09839295885986298,117221,136,201,181
2,0.1,004492.pcd,-0.09909497617679347,115433,127,171,149
2,0.1,004493.pcd,-0.09959742939952392,113578,139,184,169
2,0.1,004494.pcd,-0.09989930665413146,114451,226,157,147
2,0.1,004495.pcd,-0.1,116364,237,112,94
2,0.1,004496.pcd,-0.09989930665413148,117569,301,118,116
2,0.1,004497.pcd,-0.09959742939952392,118817,182,127,119
2,0.1,004498.pcd,-0.09909497617679348,120047,242,96,91
2,0.1,004499.pcd,-0.09839295885986298,121176,245,91,90
2,0.1,004500.pcd,-0.09749279121818237,122296,253,82,82
2,0.1,004501.pcd,-0.09639628606958534,122968,245,45,45
2,0.1,004502.pcd,-0.09510565162951537,123100,240,46,46
2,0.1,004503.pcd,-0.09362348706397373,122998,206,47,47
2,0.1,004504.pcd,-0.09195277725514507,122609,144,44,44
2,0.1,004505.pcd,-0.09009688679024193,122523,149,43,43
2,0.1,004506.pcd,-0.08805955318567382,122191,147,44,44
2,0.1,004507.pcd,-0.08584487936018663,121137,213,42,42
2,0.1,004508.pcd,-0.08345732537213028,120864,145,38,38
2,0.1,004509.pcd,-0.08090169943749476,121119,254,46,46
2,0.1,004510.pcd,-0.078183148246803,121197,231,43,43
2,0.1,004511.pcd,-0.07530714660036111,120948,133,45,43
2,0.1,004512.pcd,-0.07227948638273916,121127,132,52,51
2,0.1,004513.pcd,-0.06910626489868647,120645,143,42,40
2,0.1,004514.pcd,-0.06579387259397128,120411,113,49,45
2,0.1,004515.pcd,-0.06234898018587337,119993,65,51,49
2,0.1,004516.pcd,-0.05877852522924734,119200,85,92,88
2,0.1,004517.pcd,-0.05508969814521028,118461,127,65,60
2,0.1,004518.pcd,-0.051289927740590636,117504,180,50,45
2,0.1,004519.pcd,-0.04738686624729989,116749,132,54,50
2,0.1,004520.pcd,-0.04338837391175584,116946,158,54,47
2,0.1,004521.pcd,-0.03930250316539238,118305,93,58,51
2,0.1,004522.pcd,-0.035137482408134295,119358,84,53,45
2,0.1,004523.pcd,-0.030901699437494767,119003,97,54,45
2,0.1,004524.pcd,-0.026603684556667534,119694,72,51,40
2,0.1,004525.pcd,-0.022252093395631466,120685,86,55,44
2,0.1,004526.pcd,-0.017855689479863688,121278,142,63,49
2,0.1,004527.pcd,-0.013423326581765573,121389,75,59,44
2,0.1,004528.pcd,-0.008963930890343376,121843,40,64,46
2,0.1,004529.pcd,-0.004486483035051517,122035,37,61,40
2,0.1,004530.pcd,-2.4492935982947065e-17,122263,21,65,39
2,0.3,004390.pcd,0.0,125615,635,268,262
2,0.3,004391.pcd,0.013459449105154477,125768,594,279,271
2,0.3,004392.pcd,0.02689179267103005,125962,537,296,286
2,0.3,004393.pcd,0.040269979745296634,125869,418,318,303
2,0.3,004394.pcd,0.05356706843959099,125722,412,336,317
2,0.3,004395.pcd,0.06675628018689432,125742,372,350,329
2,0.3,004396.pcd,0.07981105367000253,125590,348,371,345
2,0.3,004397.pcd,0.09270509831248422,125400,338,386,363
2,0.3,004398.pcd,0.10541244722440281,125130,302,392,377
2,0.3,004399.pcd,0.11790750949617708,125101,367,398,372
2,0.3,004400.pcd,0.13016512173526743,124903,333,479,418
2,0.3,004401.pcd,0.1421605987418996,124781,323,520,453
2,0.3,004402.pcd,0.15386978322177183,124841,298,476,456
2,0.3,004403.pcd,0.16526909443563076,124866,310,514,483
2,0.3,004404.pcd,0.17633557568774194,124960,378,523,498
2,0.3,004405.pcd,0.18704694055762003,125000,468,557,533
2,0.3,004406.pcd,0.19738161778191377,125116,569,558,551
2,0.3,004407.pcd,0.20731879469605938,125131,603,615,597
2,0.3,004408.pcd,0.21683845914821745,125145,653,650,611
2,0.3,004409.pcd,0.22592143980108326,125236,643,656,617
2,0.3,004410.pcd,0.23454944474040892,125237,718,655,623
2,0.3,004411.pcd,0.2427050983124842,125301,790,647,614
2,0.3,004412.pcd,0.2503719761163908,125189,832,625,602
2,0.3,004413.pcd,0.2575346380805598,125255,907,609,602
2,0.3,004414.pcd,0.2641786595570214,125333,925,609,600
2,0.3,004415.pcd,0.27029066037072574,125275,995,620,598
2,0.3,004416.pcd,0.27585833176543517,125230,1096,597,587
2,0.3,004417.pcd,0.28087046119192116,125226,1070,558,540
2,0.3,004418.pcd,0.285316954888546,125265,1194,542,524
2,0.3,004419.pcd,0.28918885820875595,125250,1200,546,528
2,0.3,004420.pcd,0.2924783736545471,125191,1265,497,480
2,0.3,004421.pcd,0.2951788765795889,125229,1331,476,462
2,0.3,004422.pcd,0.2972849285303804,125244,1259,449,438
2,0.3,004423.pcd,0.29879228819857173,125171,1269,437,432
2,0.3,004424.pcd,0.29969791996239437,125245,1235,405,400
2,0.3,004425.pcd,0.3,125231,1204,388,380
2,0.3,004426.pcd,0.2996979199623944,125275,1263,382,377
2,0.3,004427.pcd,0.29879228819857173,125316,1185,359,352
2,0.3,004428.pcd,0.2972849285303804,125298,1178,342,336
2,0.3,004429.pcd,0.2951788765795889,125276,1167,340,332
2,0.3,004430.pcd,0.2924783736545471,125180,1131,305,300
2,0.3,004431.pcd,0.289188858208756,125186,938,289,269
2,0.3,004432.pcd,0.2853169548885461,125181,927,280,262
2,0.3,004433.pcd,0.28087046119192116,125177,1015,285,260
2,0.3,004434.pcd,0.27585833176543517,125048,911,283,238
2,0.3,004435.pcd,0.27029066037072574,125150,889,258,217
2,0.3,004436.pcd,0.2641786595570214,125205,989,237,214
2,0.3,004437.pcd,0.2575346380805598,125195,1002,211,174
2,0.3,004438.pcd,0.2503719761163908,125138,922,198,179
2,0.3,004439.pcd,0.2427050983124842,125240,830,195,185
2,0.3,004440.pcd,0.23454944474040895,125246,1030,176,169
2,0.3,004441.pcd,0.22592143980108328,125330,878,183,165
2,0.3,004442.pcd,0.21683845914821745,125276,906,177,153
2,0.3,004443.pcd,0.20731879469605943,125273,1002,191,162
2,0.3,004444.pcd,0.1973816177819138,125249,1753,178,156
2,0.3,004445.pcd,0.18704694055762008,125206,1832,173,156
2,0.3,004446.pcd,0.17633557568774197,125054,1714,177,158
2,0.3,004447.pcd,0.1652690944356308,124930,810,174,141
2,0.3,004448.pcd,0.15386978322177186,124694,887,173,137
2,0.3,004449.pcd,0.14216059874189962,124613,797,171,138
2,0.3,004450.pcd,0.13016512173526745,124411,945,182,159
2,0.3,004451.pcd,0.11790750949617711,124399,985,180,154
2,0.3,004452.pcd,0.10541244722440284,124237,1125,180,157
2,0.3,004453.pcd,0.09270509831248425,124104,1500,200,187
2,0.3,004454.pcd,0.07981105367000256,123877,1656,217,185
2,0.3,004455.pcd,0.06675628018689435,123534,1632,235,208
2,0.3,004456.pcd,0.053567068439591026,122840,1711,248,217
2,0.3,004457.pcd,0.040269979745296676,121836,1611,270,225
2,0.3,004458.pcd,0.026891792671030087,120798,1467,284,253
2,0.3,004459.pcd,0.013459449105154514,119987,1334,324,278
2,0.3,004460.pcd,3.6739403974420595e-17,119714,1285,377,338
2,0.3,004461.pcd,-0.013459449105154439,120196,1283,451,391
2,0.3,004462.pcd,-0.02689179267103001,119672,1313,529,472
2,0.3,004463.pcd,-0.04026997974529661,119163,1350,626,583
2,0.3,004464.pcd,-0.05356706843959095,119266,1483,773,723
2,0.3,004465.pcd,-0.06675628018689428,119805,1512,964,926
2,0.3,004466.pcd,-0.07981105367000248,120961,1281,1168,1120
2,0.3,004467.pcd,-0.09270509831248418,121589,1469,1470,1434
2,0.3,004468.pcd,-0.10541244722440277,121667,1634,2056,2015
2,0.3,004469.pcd,-0.11790750949617704,120906,1288,2919,2845
2,0.3,004470.pcd,-0.1301651217352674,119056,1287,4873,4672
2,0.3,004471.pcd,-0.14216059874189954,116685,1301,7210,7115
2,0.3,004472.pcd,-0.1538697832217718,114665,1265,8596,8552
2,0.3,004473.pcd,-0.16526909443563073,114594,1073,8644,8631
2,0.3,004474.pcd,-0.1763355756877419,116077,945,7291,7281
2,0.3,004475.pcd,-0.18704694055762,118116,1015,5584,5555
2,0.3,004476.pcd,-0.19738161778191374,120090,756,3804,3732
2,0.3,004477.pcd,-0.20731879469605935,121569,653,2223,2082
2,0.3,004478.pcd,-0.21683845914821742,122500,550,1551,1486
2,0.3,004479.pcd,-0.22592143980108326,123075,753,1206,1146
2,0.3,004480.pcd,-0.2345494447404089,123224,571,994,935
2,0.3,004481.pcd,-0.24270509831248419,123274,693,824,781
2,0.3,004482.pcd,-0.2503719761163907,123148,702,664,613
2,0.3,004483.pcd,-0.25753463808055976,122727,665,543,485
2,0.3,004484.pcd,-0.26417865955702136,122348,555,439,398
2,0.3,004485.pcd,-0.2702906603707257,122026,429,385,349
2,0.3,004486.pcd,-0.27585833176543517,121381,536,310,294
2,0.3,004487.pcd,-0.28087046119192116,120943,370,275,254
2,0.3,004488.pcd,-0.285316954888546,120599,400,242,225
2,0.3,004489.pcd,-0.28918885820875595,119567,349,213,192
2,0.3,004490.pcd,-0.2924783736545471,118640,358,206,180
2,0.3,004491.pcd,-0.2951788765795889,117221,323,201,181
2,0.3,004492.pcd,-0.2972849285303804,115433,272,171,152
2,0.3,004493.pcd,-0.29879228819857173,113578,281,184,171
2,0.3,004494.pcd,-0.29969791996239437,114451,343,157,148
2,0.3,004495.pcd,-0.3,116364,374,112,94
2,0.3,004496.pcd,-0.2996979199623944,117569,428,118,116
2,0.3,004497.pcd,-0.29879228819857173,118817,321,127,119
2,0.3,004498.pcd,-0.2972849285303804,120047,350,96,90
2,0.3,004499.pcd,-0.2951788765795889,121176,363,91,90
2,0.3,004500.pcd,-0.2924783736545471,122296,351,82,82
2,0.3,004501.pcd,-0.289188858208756,122968,337,45,45
2,0.3,004502.pcd,-0.2853169548885461,123100,313,46,46
2,0.3,004503.pcd,-0.28087046119192116,122998,276,47,47
2,0.3,004504.pcd,-0.27585833176543517,122609,200,44,44
2,0.3,004505.pcd,-0.27029066037072574,122523,204,43,43
2,0.3,004506.pcd,-0.2641786595570214,122191,212,44,44
2,0.3,004507.pcd,-0.2575346380805599,121137,275,42,42
2,0.3,004508.pcd,-0.25037197611639084,120864,204,38,38
2,0.3,004509.pcd,-0.24270509831248427,121119,303,46,46
2,0.3,004510.pcd,-0.23454944474040895,121197,281,43,43
2,0.3,004511.pcd,-0.2259214398010833,120948,174,45,43
2,0.3,004512.pcd,-0.2168384591482175,121127,170,52,51
2,0.3,004513.pcd,-0.20731879469605943,120645,163,42,40
2,0.3,004514.pcd,-0.19738161778191385,120411,133,49,45
2,0.3,004515.pcd,-0.1870469405576201,119993,84,51,49
2,0.3,004516.pcd,-0.176335575687742,119200,110,92,88
2,0.3,004517.pcd,-0.16526909443563081,118461,146,65,60
2,0.3,004518.pcd,-0.1538697832217719,117504,213,50,45
2,0.3,004519.pcd,-0.14216059874189965,116749,155,54,50
2,0.3,004520.pcd,-0.1301651217352675,116946,197,54,47
2,0.3,004521.pcd,-0.11790750949617715,118305,114,58,51
2,0.3,004522.pcd,-0.10541244722440286,119358,114,53,45
2,0.3,004523.pcd,-0.0927050983124843,119003,97,54,45
2,0.3,004524.pcd,-0.0798110536700026,119694,81,51,40
2,0.3,004525.pcd,-0.06675628018689439,120685,128,55,44
2,0.3,004526.pcd,-0.05356706843959106,121278,184,63,49
2,0.3,004527.pcd,-0.04026997974529671,121389,102,59,44
2,0.3,004528.pcd,-0.02689179267103012,121843,95,64,46
2,0.3,004529.pcd,-0.01345944910515455,122035,69,61,40
2,0.3,004530.pcd,-7.347880794884119e-17,122263,111,65,39
