rms_m,seed,observation,prefix_coverage,prefix_recovery,prefix_query_hit,map_objects,fragment_count
0.1,417,8,0.8728743491183576,1.0,0.6666666666666666,109,21
0.1,417,12,0.8742063504503589,1.0,0.6666666666666666,124,22
0.1,417,16,0.8749157379627396,1.0,1.0,93,12
0.1,518,8,0.8778968735208604,1.0,1.0,86,17
0.1,518,12,0.8795618751858623,1.0,1.0,101,18
0.1,518,16,0.8801561485516105,1.0,1.0,87,12
0.1,619,8,0.8757386319785022,1.0,1.0,106,22
0.1,619,12,0.8767376329775033,1.0,1.0,121,23
0.1,619,16,0.8777161790127753,1.0,1.0,95,11
0.3,417,8,0.8724421503069043,1.0,0.6666666666666666,119,22
0.3,417,12,0.8737741516389056,1.0,0.6666666666666666,134,23
0.3,417,16,0.8752398870713295,1.0,1.0,95,12
0.3,518,8,0.8728753148526245,1.0,1.0,106,24
0.3,518,12,0.8738743158516254,1.0,1.0,121,25
0.3,518,16,0.875086663741445,1.0,1.0,88,12
0.3,619,8,0.8657821436468977,1.0,0.6666666666666666,126,27
0.3,619,12,0.8667811446458987,1.0,0.6666666666666666,141,28
0.3,619,16,0.8751770109954875,1.0,1.0,97,12
