arm,rms_m,seed,observation,eligible_targets,prefix_targets,prefix_coverage,prefix_recovery,prefix_query_hit,all_coverage,all_recovery,all_query_hit,map_objects,mixed_objects,fragments,correction_compute_seconds
native,0.0,0,8,3,3,0.8817326379725082,0.6666666666666666,0.6666666666666666,0.8817326379725082,0.6666666666666666,0.6666666666666666,25,0,6,5.489999921337585e-07
native,0.0,0,12,4,3,0.88339763963751,0.6666666666666666,0.6666666666666666,0.6625482297281324,0.5,0.5,27,0,6,5.489999921337585e-07
native,0.0,0,16,4,3,0.8780491793457758,0.6666666666666666,0.6666666666666666,0.7423077698019602,0.75,0.75,36,0,8,5.489999921337585e-07
threshold,0.0,0,8,3,3,0.8807336369735074,0.6666666666666666,0.6666666666666666,0.8807336369735074,0.6666666666666666,0.6666666666666666,27,0,6,7.600000060392631e-07
threshold,0.0,0,12,4,3,0.882398638638509,0.6666666666666666,0.6666666666666666,0.7553585266751707,0.75,0.75,28,0,7,7.600000060392631e-07
threshold,0.0,0,16,4,3,0.8770501783467748,0.6666666666666666,0.6666666666666666,0.8102760542600155,0.75,0.75,37,0,8,7.600000060392631e-07
visibility,0.0,0,8,3,3,0.8807336369735074,0.6666666666666666,0.6666666666666666,0.8807336369735074,0.6666666666666666,0.6666666666666666,28,0,6,7.229999994251557e-07
visibility,0.0,0,12,4,3,0.882398638638509,0.6666666666666666,0.6666666666666666,0.7553585266751707,0.75,0.75,29,0,7,7.229999994251557e-07
visibility,0.0,0,16,4,3,0.8770501783467748,0.6666666666666666,0.6666666666666666,0.8102760542600155,0.75,0.75,37,0,8,7.229999994251557e-07
fixed_association,0.0,0,8,3,3,0.8817326379725082,0.6666666666666666,0.6666666666666666,0.8817326379725082,0.6666666666666666,0.6666666666666666,25,0,6,1.9388470499999926
fixed_association,0.0,0,12,4,3,0.88339763963751,0.6666666666666666,0.6666666666666666,0.6625482297281324,0.5,0.5,27,0,6,1.9388470499999926
fixed_association,0.0,0,16,4,3,0.8780491793457758,0.6666666666666666,0.6666666666666666,0.7423077698019602,0.75,0.75,36,0,8,1.9388470499999926
oracle_replay,0.0,0,8,3,3,0.8817326379725082,0.6666666666666666,0.6666666666666666,0.8817326379725082,0.6666666666666666,0.6666666666666666,25,0,6,2.1969511390000207
oracle_replay,0.0,0,12,4,3,0.88339763963751,0.6666666666666666,0.6666666666666666,0.6625482297281324,0.5,0.5,27,0,6,2.1969511390000207
oracle_replay,0.0,0,16,4,3,0.8780491793457758,0.6666666666666666,0.6666666666666666,0.7423077698019602,0.75,0.75,36,0,8,2.1969511390000207
native,0.1,417,8,3,3,0.3496667878025856,0.3333333333333333,0.3333333333333333,0.3496667878025856,0.3333333333333333,0.3333333333333333,11,0,1,5.210000040278828e-07
native,0.1,417,12,4,3,0.6173990555348533,0.6666666666666666,0.6666666666666666,0.46304929165113995,0.5,0.5,14,0,2,5.210000040278828e-07
native,0.1,417,16,4,3,0.6173450306834217,0.6666666666666666,0.6666666666666666,0.5467796583051947,0.75,0.75,25,0,4,5.210000040278828e-07
threshold,0.1,417,8,3,3,0.8268193868042139,0.6666666666666666,0.6666666666666666,0.8268193868042139,0.6666666666666666,0.6666666666666666,20,0,3,8.320000119965698e-07
threshold,0.1,417,12,4,3,0.8535687044773566,0.6666666666666666,0.6666666666666666,0.7337360760543064,0.75,0.75,24,0,5,8.320000119965698e-07
threshold,0.1,417,16,4,3,0.8535687044773566,0.6666666666666666,0.6666666666666666,0.7926649488579518,0.75,0.75,34,0,6,8.320000119965698e-07
visibility,0.1,417,8,3,3,0.8268193868042139,0.6666666666666666,0.6666666666666666,0.8268193868042139,0.6666666666666666,0.6666666666666666,15,0,2,6.659999769453862e-07
visibility,0.1,417,12,4,3,0.8535687044773566,0.6666666666666666,0.6666666666666666,0.7337360760543064,0.75,0.75,18,0,4,6.659999769453862e-07
visibility,0.1,417,16,4,3,0.8535687044773566,0.6666666666666666,0.6666666666666666,0.7926649488579518,0.75,0.75,28,0,5,6.659999769453862e-07
fixed_association,0.1,417,8,3,3,0.34410222810512475,0.3333333333333333,0.3333333333333333,0.34410222810512475,0.3333333333333333,0.3333333333333333,11,0,1,1.7345234490000223
fixed_association,0.1,417,12,4,3,0.6500370820140468,0.6666666666666666,0.6666666666666666,0.48752781151053504,0.5,0.5,18,0,4,1.7345234490000223
fixed_association,0.1,417,16,4,3,0.6498750074597518,0.6666666666666666,0.6666666666666666,0.5711771408874423,0.75,0.75,27,0,6,1.7345234490000223
oracle_replay,0.1,417,8,3,3,0.8817326379725082,0.6666666666666666,0.6666666666666666,0.8817326379725082,0.6666666666666666,0.6666666666666666,25,0,6,2.259231741000008
oracle_replay,0.1,417,12,4,3,0.88339763963751,0.6666666666666666,0.6666666666666666,0.6625482297281324,0.5,0.5,27,0,6,2.259231741000008
oracle_replay,0.1,417,16,4,3,0.8780491793457758,0.6666666666666666,0.6666666666666666,0.7423077698019602,0.75,0.75,36,0,8,2.259231741000008
native,0.1,518,8,3,3,0.5765989186279541,0.6666666666666666,0.6666666666666666,0.5765989186279541,0.6666666666666666,0.6666666666666666,17,0,2,6.390000066858192e-07
native,0.1,518,12,4,3,0.5895859316149671,0.6666666666666666,0.6666666666666666,0.44218944871122534,0.5,0.5,22,0,5,6.390000066858192e-07
native,0.1,518,16,4,3,0.5842914961746645,0.6666666666666666,0.6666666666666666,0.5219895074236269,0.75,0.75,31,0,7,6.390000066858192e-07
threshold,0.1,518,8,3,3,0.7937957280486333,0.6666666666666666,0.6666666666666666,0.7937957280486333,0.6666666666666666,0.6666666666666666,19,0,3,6.839999855401402e-07
threshold,0.1,518,12,4,3,0.8061167403696455,0.6666666666666666,0.6666666666666666,0.6981471029735231,0.75,0.75,24,0,6,6.839999855401402e-07
threshold,0.1,518,16,4,3,0.8008223049293431,0.6666666666666666,0.6666666666666666,0.7531051491969417,0.75,0.75,33,0,7,6.839999855401402e-07
visibility,0.1,518,8,3,3,0.7935796286429068,0.6666666666666666,0.6666666666666666,0.7935796286429068,0.6666666666666666,0.6666666666666666,20,0,3,6.559999974342645e-07
visibility,0.1,518,12,4,3,0.805900640963919,0.6666666666666666,0.6666666666666666,0.6979850284192282,0.75,0.75,24,0,6,6.559999974342645e-07
visibility,0.1,518,16,4,3,0.8005521806721848,0.6666666666666666,0.6666666666666666,0.752902556004073,0.75,0.75,32,0,7,6.559999974342645e-07
fixed_association,0.1,518,8,3,3,0.8778968735208604,0.6666666666666666,0.6666666666666666,0.8778968735208604,0.6666666666666666,0.6666666666666666,17,0,2,1.8018325029999573
fixed_association,0.1,518,12,4,3,0.8795618751858623,0.6666666666666666,0.6666666666666666,0.6596714063893967,0.5,0.5,24,0,5,1.8018325029999573
fixed_association,0.1,518,16,4,3,0.8744295142998547,0.6666666666666666,0.6666666666666666,0.7395930210175194,0.75,0.75,33,0,7,1.8018325029999573
oracle_replay,0.1,518,8,3,3,0.8817326379725082,0.6666666666666666,0.6666666666666666,0.8817326379725082,0.6666666666666666,0.6666666666666666,25,0,6,2.2543184819999738
oracle_replay,0.1,518,12,4,3,0.88339763963751,0.6666666666666666,0.6666666666666666,0.6625482297281324,0.5,0.5,27,0,6,2.2543184819999738
oracle_replay,0.1,518,16,4,3,0.8780491793457758,0.6666666666666666,0.6666666666666666,0.7423077698019602,0.75,0.75,36,0,8,2.2543184819999738
native,0.1,619,8,3,3,0.6302368080325941,0.3333333333333333,0.3333333333333333,0.6302368080325941,0.3333333333333333,0.3333333333333333,16,0,1,5.649999934576044e-07
native,0.1,619,12,4,3,0.8729940507898369,0.6666666666666666,0.6666666666666666,0.6547455380923777,0.5,0.5,22,0,5,5.649999934576044e-07
native,0.1,619,16,4,3,0.8678076650523976,0.6666666666666666,0.6666666666666666,0.7346266340819267,0.75,0.75,30,0,7,5.649999934576044e-07
threshold,0.1,619,8,3,3,0.8779890557848419,0.6666666666666666,0.6666666666666666,0.8779890557848419,0.6666666666666666,0.6666666666666666,20,0,3,1.2250000054336851e-06
threshold,0.1,619,12,4,3,0.8799870577828438,0.6666666666666666,0.6666666666666666,0.7535498410334218,0.75,0.75,24,0,6,1.2250000054336851e-06
threshold,0.1,619,16,4,3,0.8748006720454047,0.6666666666666666,0.6666666666666666,0.8085889245339879,0.75,0.75,33,0,7,1.2250000054336851e-06
visibility,0.1,619,8,3,3,0.8779890557848419,0.6666666666666666,0.6666666666666666,0.8779890557848419,0.6666666666666666,0.6666666666666666,19,0,3,7.130000199140341e-07
visibility,0.1,619,12,4,3,0.8799870577828438,0.6666666666666666,0.6666666666666666,0.7535498410334218,0.75,0.75,21,0,5,7.130000199140341e-07
visibility,0.1,619,16,4,3,0.8748006720454047,0.6666666666666666,0.6666666666666666,0.8085889245339879,0.75,0.75,30,0,6,7.130000199140341e-07
fixed_association,0.1,619,8,3,3,0.6209933772332475,0.3333333333333333,0.3333333333333333,0.6209933772332475,0.3333333333333333,0.3333333333333333,16,0,1,1.8635308010000244
fixed_association,0.1,619,12,4,3,0.8767376329775033,0.6666666666666666,0.6666666666666666,0.6575532247331275,0.5,0.5,21,0,3,1.8635308010000244
fixed_association,0.1,619,16,4,3,0.8713891726857691,0.6666666666666666,0.6666666666666666,0.7373127648069553,0.75,0.75,28,0,5,1.8635308010000244
oracle_replay,0.1,619,8,3,3,0.8817326379725082,0.6666666666666666,0.6666666666666666,0.8817326379725082,0.6666666666666666,0.6666666666666666,25,0,6,2.2156686010000044
oracle_replay,0.1,619,12,4,3,0.88339763963751,0.6666666666666666,0.6666666666666666,0.6625482297281324,0.5,0.5,27,0,6,2.2156686010000044
oracle_replay,0.1,619,16,4,3,0.8780491793457758,0.6666666666666666,0.6666666666666666,0.7423077698019602,0.75,0.75,36,0,8,2.2156686010000044
native,0.3,417,8,3,3,0.2800287543071777,0.0,0.0,0.2800287543071777,0.0,0.0,8,0,0,6.679999842162943e-07
native,0.3,417,12,4,3,0.28069475497317836,0.0,0.0,0.21052106622988379,0.0,0.0,10,0,0,6.679999842162943e-07
native,0.3,417,16,4,3,0.28069475497317836,0.0,0.0,0.2942919515225123,0.25,0.25,21,0,2,6.679999842162943e-07
threshold,0.3,417,8,3,3,0.3504051863857374,0.0,0.0,0.3504051863857374,0.0,0.0,10,0,0,6.330000132948044e-07
threshold,0.3,417,12,4,3,0.6171384531190042,0.3333333333333333,0.3333333333333333,0.556413387535542,0.5,0.5,15,0,3,6.330000132948044e-07
threshold,0.3,417,16,4,3,0.6171384531190042,0.3333333333333333,0.3333333333333333,0.6153422603391875,0.5,0.5,26,0,4,6.330000132948044e-07
visibility,0.3,417,8,3,3,0.0,0.0,0.0,0.0,0.0,0.0,7,0,0,6.399999961104186e-07
visibility,0.3,417,12,4,3,0.2793847197895613,0.3333333333333333,0.3333333333333333,0.3030980875384599,0.5,0.5,11,0,3,6.399999961104186e-07
visibility,0.3,417,16,4,3,0.2793847197895613,0.3333333333333333,0.3333333333333333,0.36202696034210535,0.5,0.5,21,0,4,6.399999961104186e-07
fixed_association,0.3,417,8,3,3,0.34410222810512475,0.3333333333333333,0.3333333333333333,0.34410222810512475,0.3333333333333333,0.3333333333333333,8,0,1,1.75855277200003
fixed_association,0.3,417,12,4,3,0.6500370820140468,0.6666666666666666,0.6666666666666666,0.48752781151053504,0.5,0.5,15,0,4,1.75855277200003
fixed_association,0.3,417,16,4,3,0.6498750074597518,0.6666666666666666,0.6666666666666666,0.5711771408874423,0.75,0.75,24,0,6,1.75855277200003
oracle_replay,0.3,417,8,3,3,0.8817326379725082,0.6666666666666666,0.6666666666666666,0.8817326379725082,0.6666666666666666,0.6666666666666666,25,0,6,2.272670131000041
oracle_replay,0.3,417,12,4,3,0.88339763963751,0.6666666666666666,0.6666666666666666,0.6625482297281324,0.5,0.5,27,0,6,2.272670131000041
oracle_replay,0.3,417,16,4,3,0.8780491793457758,0.6666666666666666,0.6666666666666666,0.7423077698019602,0.75,0.75,36,0,8,2.272670131000041
native,0.3,518,8,3,3,0.0,0.0,0.0,0.0,0.0,0.0,10,0,0,1.0480000014467805e-06
native,0.3,518,12,4,3,0.005994005994005995,0.0,0.0,0.004495504495504496,0.0,0.0,12,0,0,1.0480000014467805e-06
native,0.3,518,16,4,3,0.005994005994005995,0.0,0.0,0.08826638978813299,0.25,0.25,22,0,2,1.0480000014467805e-06
threshold,0.3,518,8,3,3,0.3422347690356932,0.3333333333333333,0.3333333333333333,0.3422347690356932,0.3333333333333333,0.3333333333333333,13,0,1,6.750000238753273e-07
threshold,0.3,518,12,4,3,0.577000003800928,0.6666666666666666,0.6666666666666666,0.5263095505469849,0.75,0.75,19,0,4,6.750000238753273e-07
threshold,0.3,518,16,4,3,0.577000003800928,0.6666666666666666,0.6666666666666666,0.5852384233506304,0.75,0.75,28,0,5,6.750000238753273e-07
visibility,0.3,518,8,3,3,0.3422347690356932,0.3333333333333333,0.3333333333333333,0.3422347690356932,0.3333333333333333,0.3333333333333333,14,0,1,6.600000119760807e-07
visibility,0.3,518,12,4,3,0.577000003800928,0.6666666666666666,0.6666666666666666,0.5263095505469849,0.75,0.75,18,0,4,6.600000119760807e-07
visibility,0.3,518,16,4,3,0.577000003800928,0.6666666666666666,0.6666666666666666,0.5852384233506304,0.75,0.75,27,0,5,6.600000119760807e-07
fixed_association,0.3,518,8,3,3,0.0037277147487844407,0.0,0.0,0.0037277147487844407,0.0,0.0,10,0,0,1.784809872999972
fixed_association,0.3,518,12,4,3,0.35924321893493244,0.6666666666666666,0.3333333333333333,0.26943241420119934,0.5,0.25,18,0,3,1.784809872999972
fixed_association,0.3,518,16,4,3,0.35659600121478113,0.6666666666666666,0.3333333333333333,0.35121788620371436,0.75,0.5,26,0,5,1.784809872999972
oracle_replay,0.3,518,8,3,3,0.8817326379725082,0.6666666666666666,0.6666666666666666,0.8817326379725082,0.6666666666666666,0.6666666666666666,25,0,6,2.2353631109999696
oracle_replay,0.3,518,12,4,3,0.88339763963751,0.6666666666666666,0.6666666666666666,0.6625482297281324,0.5,0.5,27,0,6,2.2353631109999696
oracle_replay,0.3,518,16,4,3,0.8780491793457758,0.6666666666666666,0.6666666666666666,0.7423077698019602,0.75,0.75,36,0,8,2.2353631109999696
native,0.3,619,8,3,3,0.09601745771958538,0.0,0.0,0.09601745771958538,0.0,0.0,7,0,0,7.070000265230192e-07
native,0.3,619,12,4,3,0.3564237181258458,0.3333333333333333,0.3333333333333333,0.2673177885943843,0.25,0.25,11,0,2,7.070000265230192e-07
native,0.3,619,16,4,3,0.3564237181258458,0.3333333333333333,0.3333333333333333,0.3510886738870128,0.5,0.5,21,0,4,7.070000265230192e-07
threshold,0.3,619,8,3,3,0.5328189196460517,0.3333333333333333,0.3333333333333333,0.5328189196460517,0.3333333333333333,0.3333333333333333,9,0,1,7.969999842316611e-07
threshold,0.3,619,12,4,3,0.786232173059305,0.6666666666666666,0.6666666666666666,0.6832336774907677,0.75,0.75,15,0,4,7.969999842316611e-07
threshold,0.3,619,16,4,3,0.7813699364304557,0.6666666666666666,0.6666666666666666,0.7385158728227762,0.75,0.75,24,0,5,7.969999842316611e-07
visibility,0.3,619,8,3,3,0.5328189196460517,0.3333333333333333,0.3333333333333333,0.5328189196460517,0.3333333333333333,0.3333333333333333,8,0,1,6.489999577752315e-07
visibility,0.3,619,12,4,3,0.786232173059305,0.6666666666666666,0.6666666666666666,0.6832336774907677,0.75,0.75,12,0,4,6.489999577752315e-07
visibility,0.3,619,16,4,3,0.7813699364304557,0.6666666666666666,0.6666666666666666,0.7385158728227762,0.75,0.75,21,0,5,6.489999577752315e-07
fixed_association,0.3,619,8,3,3,0.12820512820512822,0.0,0.0,0.12820512820512822,0.0,0.0,7,0,0,1.8219559959999287
fixed_association,0.3,619,12,4,3,0.5082923019713944,0.6666666666666666,0.6666666666666666,0.3812192264785458,0.5,0.5,13,0,2,1.8219559959999287
fixed_association,0.3,619,16,4,3,0.5081302274170993,0.6666666666666666,0.6666666666666666,0.464868555855453,0.75,0.75,22,0,4,1.8219559959999287
oracle_replay,0.3,619,8,3,3,0.8817326379725082,0.6666666666666666,0.6666666666666666,0.8817326379725082,0.6666666666666666,0.6666666666666666,25,0,6,2.223061125000072
oracle_replay,0.3,619,12,4,3,0.88339763963751,0.6666666666666666,0.6666666666666666,0.6625482297281324,0.5,0.5,27,0,6,2.223061125000072
oracle_replay,0.3,619,16,4,3,0.8780491793457758,0.6666666666666666,0.6666666666666666,0.7423077698019602,0.75,0.75,36,0,8,2.223061125000072
