rms_m,seed,observation,oracle_minus_fixed_prefix_coverage,oracle_minus_fixed_prefix_recovery,oracle_minus_fixed_prefix_query_hit,oracle_minus_fixed_all_recovery,oracle_minus_fixed_all_query_hit,oracle_minus_fixed_mixed_objects,oracle_minus_fixed_fragments
0.1,417,8,0.5376304098673834,0.3333333333333333,0.3333333333333333,0.3333333333333333,0.3333333333333333,0,5
0.1,417,12,0.2333605576234632,0.0,0.0,0.0,0.0,0,2
0.1,417,16,0.22817417188602396,0.0,0.0,0.0,0.0,0,2
0.1,518,8,0.003835764451647794,0.0,0.0,0.0,0.0,0,4
0.1,518,12,0.003835764451647683,0.0,0.0,0.0,0.0,0,1
0.1,518,16,0.003619665045921039,0.0,0.0,0.0,0.0,0,1
0.1,619,8,0.2607392607392607,0.3333333333333333,0.3333333333333333,0.3333333333333333,0.3333333333333333,0,5
0.1,619,12,0.0066600066600066565,0.0,0.0,0.0,0.0,0,3
0.1,619,16,0.0066600066600066565,0.0,0.0,0.0,0.0,0,3
0.3,417,8,0.5376304098673834,0.3333333333333333,0.3333333333333333,0.3333333333333333,0.3333333333333333,0,5
0.3,417,12,0.2333605576234632,0.0,0.0,0.0,0.0,0,2
0.3,417,16,0.22817417188602396,0.0,0.0,0.0,0.0,0,2
0.3,518,8,0.8780049232237238,0.6666666666666666,0.6666666666666666,0.6666666666666666,0.6666666666666666,0,6
0.3,518,12,0.5241544207025775,0.0,0.3333333333333333,0.0,0.25,0,3
0.3,518,16,0.5214531781309946,0.0,0.3333333333333333,0.0,0.25,0,3
0.3,619,8,0.75352750976738,0.6666666666666666,0.6666666666666666,0.6666666666666666,0.6666666666666666,0,6
0.3,619,12,0.37510533766611553,0.0,0.0,0.0,0.0,0,4
0.3,619,16,0.3699189519286764,0.0,0.0,0.0,0.0,0,4
