arm,rms_m,seed,observation,target,query,reference_points,best_coverage,recovered,qualifying_fragments,top1_object,restricted_top1_hit,top1_coverage,top1_visible_precision,top1_surface_distance_m
native,0.0,0,8,dresser,dresser,6170,0.8350081037277147,True,4,14,True,0.34359805510534847,0.9982014388489209,0.19751292100753998
native,0.0,0,8,tall_vase,vase,611,1.0,False,0,10,False,1.0,0.2086687306501548,0.009387810632757034
native,0.0,0,8,wicker_basket,wicker basket,1001,0.8101898101898102,True,2,24,True,0.8101898101898102,0.8659305993690851,0.01212657622281669
native,0.0,0,12,dresser,dresser,6170,0.8350081037277147,True,4,23,True,0.8350081037277147,0.6437976437976438,0.013502451972077143
native,0.0,0,12,tall_vase,vase,611,1.0,False,0,10,False,1.0,0.2086687306501548,0.009387810632757034
native,0.0,0,12,wicker_basket,wicker basket,1001,0.8151848151848152,True,2,19,True,0.7352647352647352,0.7571428571428571,0.032924180619089756
native,0.0,0,12,bed,bed,53327,0.0,False,0,26,False,0.0,0.0,1.6456947648127787
native,0.0,0,16,dresser,dresser,6170,0.8189627228525121,True,4,23,True,0.8189627228525121,0.6389695210449927,0.01391519765775626
native,0.0,0,16,tall_vase,vase,611,1.0,False,0,10,False,1.0,0.2096069868995633,0.009387810632757034
native,0.0,0,16,wicker_basket,wicker basket,1001,0.8151848151848152,True,2,19,True,0.7352647352647352,0.7571428571428571,0.032924180619089756
native,0.0,0,16,bed,bed,53327,0.335083541170514,True,2,31,True,0.335083541170514,0.8019685039370079,0.22644948556173702
threshold,0.0,0,8,dresser,dresser,6170,0.8350081037277147,True,4,16,True,0.34359805510534847,0.9982014388489209,0.19751292100753998
threshold,0.0,0,8,tall_vase,vase,611,1.0,False,0,10,False,1.0,0.21123321123321123,0.009635728268842401
threshold,0.0,0,8,wicker_basket,wicker basket,1001,0.8071928071928072,True,2,13,True,0.8071928071928072,0.8462897526501767,0.012928399988289287
threshold,0.0,0,12,dresser,dresser,6170,0.8350081037277147,True,4,26,True,0.8350081037277147,0.6437976437976438,0.013502451972077143
threshold,0.0,0,12,tall_vase,vase,611,1.0,False,0,10,False,1.0,0.21123321123321123,0.009635728268842401
threshold,0.0,0,12,wicker_basket,wicker basket,1001,0.8121878121878122,True,2,22,True,0.7352647352647352,0.7571428571428571,0.032924180619089756
threshold,0.0,0,12,bed,bed,53327,0.37423819078515574,True,1,27,True,0.37423819078515574,0.6583917970858068,0.21306324978402738
threshold,0.0,0,16,dresser,dresser,6170,0.8189627228525121,True,4,26,True,0.8189627228525121,0.6389695210449927,0.01391519765775626
threshold,0.0,0,16,tall_vase,vase,611,1.0,False,0,10,False,1.0,0.21567357512953367,0.00993868429424254
threshold,0.0,0,16,wicker_basket,wicker basket,1001,0.8121878121878122,True,2,22,True,0.7352647352647352,0.7571428571428571,0.032924180619089756
threshold,0.0,0,16,bed,bed,53327,0.6099536819997374,True,2,31,True,0.335083541170514,0.8019685039370079,0.22644948556173702
visibility,0.0,0,8,dresser,dresser,6170,0.8350081037277147,True,4,15,True,0.34359805510534847,0.9982014388489209,0.19751292100753998
visibility,0.0,0,8,tall_vase,vase,611,1.0,False,0,9,False,1.0,0.20853960396039603,0.009387810632757034
visibility,0.0,0,8,wicker_basket,wicker basket,1001,0.8071928071928072,True,2,12,True,0.8071928071928072,0.8462897526501767,0.012928399988289287
visibility,0.0,0,12,dresser,dresser,6170,0.8350081037277147,True,4,27,True,0.8350081037277147,0.6437976437976438,0.013502451972077143
visibility,0.0,0,12,tall_vase,vase,611,1.0,False,0,9,False,1.0,0.20853960396039603,0.009387810632757034
visibility,0.0,0,12,wicker_basket,wicker basket,1001,0.8121878121878122,True,2,22,True,0.7342657342657343,0.7589928057553957,0.033843772086961404
visibility,0.0,0,12,bed,bed,53327,0.37423819078515574,True,1,28,True,0.37423819078515574,0.6583917970858068,0.21306324978402738
visibility,0.0,0,16,dresser,dresser,6170,0.8189627228525121,True,4,26,True,0.8189627228525121,0.6389695210449927,0.01391519765775626
visibility,0.0,0,16,tall_vase,vase,611,1.0,False,0,9,False,1.0,0.20947630922693267,0.009387810632757034
visibility,0.0,0,16,wicker_basket,wicker basket,1001,0.8121878121878122,True,2,21,True,0.7342657342657343,0.7589928057553957,0.033843772086961404
visibility,0.0,0,16,bed,bed,53327,0.6099536819997374,True,2,31,True,0.335083541170514,0.8019685039370079,0.22644948556173702
fixed_association,0.0,0,8,dresser,dresser,6170,0.8350081037277147,True,4,14,True,0.34359805510534847,0.9982014388489209,0.19751292100753998
fixed_association,0.0,0,8,tall_vase,vase,611,1.0,False,0,10,False,1.0,0.2086687306501548,0.009387810632757034
fixed_association,0.0,0,8,wicker_basket,wicker basket,1001,0.8101898101898102,True,2,24,True,0.8101898101898102,0.8659305993690851,0.01212657622281669
fixed_association,0.0,0,12,dresser,dresser,6170,0.8350081037277147,True,4,23,True,0.8350081037277147,0.6437976437976438,0.013502451972077143
fixed_association,0.0,0,12,tall_vase,vase,611,1.0,False,0,10,False,1.0,0.2086687306501548,0.009387810632757034
fixed_association,0.0,0,12,wicker_basket,wicker basket,1001,0.8151848151848152,True,2,19,True,0.7352647352647352,0.7571428571428571,0.032924180619089756
fixed_association,0.0,0,12,bed,bed,53327,0.0,False,0,26,False,0.0,0.0,1.6456947648127787
fixed_association,0.0,0,16,dresser,dresser,6170,0.8189627228525121,True,4,23,True,0.8189627228525121,0.6389695210449927,0.01391519765775626
fixed_association,0.0,0,16,tall_vase,vase,611,1.0,False,0,10,False,1.0,0.2096069868995633,0.009387810632757034
fixed_association,0.0,0,16,wicker_basket,wicker basket,1001,0.8151848151848152,True,2,19,True,0.7352647352647352,0.7571428571428571,0.032924180619089756
fixed_association,0.0,0,16,bed,bed,53327,0.335083541170514,True,2,31,True,0.335083541170514,0.8019685039370079,0.22644948556173702
oracle_replay,0.0,0,8,dresser,dresser,6170,0.8350081037277147,True,4,14,True,0.34359805510534847,0.9982014388489209,0.19751292100753998
oracle_replay,0.0,0,8,tall_vase,vase,611,1.0,False,0,10,False,1.0,0.2086687306501548,0.009387810632757034
oracle_replay,0.0,0,8,wicker_basket,wicker basket,1001,0.8101898101898102,True,2,24,True,0.8101898101898102,0.8659305993690851,0.01212657622281669
oracle_replay,0.0,0,12,dresser,dresser,6170,0.8350081037277147,True,4,23,True,0.8350081037277147,0.6437976437976438,0.013502451972077143
oracle_replay,0.0,0,12,tall_vase,vase,611,1.0,False,0,10,False,1.0,0.2086687306501548,0.009387810632757034
oracle_replay,0.0,0,12,wicker_basket,wicker basket,1001,0.8151848151848152,True,2,19,True,0.7352647352647352,0.7571428571428571,0.032924180619089756
oracle_replay,0.0,0,12,bed,bed,53327,0.0,False,0,26,False,0.0,0.0,1.6456947648127787
oracle_replay,0.0,0,16,dresser,dresser,6170,0.8189627228525121,True,4,23,True,0.8189627228525121,0.6389695210449927,0.01391519765775626
oracle_replay,0.0,0,16,tall_vase,vase,611,1.0,False,0,10,False,1.0,0.2096069868995633,0.009387810632757034
oracle_replay,0.0,0,16,wicker_basket,wicker basket,1001,0.8151848151848152,True,2,19,True,0.7352647352647352,0.7571428571428571,0.032924180619089756
oracle_replay,0.0,0,16,bed,bed,53327,0.335083541170514,True,2,31,True,0.335083541170514,0.8019685039370079,0.22644948556173702
native,0.1,417,8,dresser,dresser,6170,0.260129659643436,True,1,10,True,0.260129659643436,1.0,0.34542094313455984
native,0.1,417,8,tall_vase,vase,611,0.7888707037643208,False,0,5,False,0.7888707037643208,0.1411229135053111,0.014832507996276407
native,0.1,417,8,wicker_basket,wicker basket,1001,0.0,False,0,7,False,0.0,0.0,2.8663308416645195
native,0.1,417,12,dresser,dresser,6170,0.260129659643436,True,1,11,True,0.260129659643436,1.0,0.34542094313455984
native,0.1,417,12,tall_vase,vase,611,0.7888707037643208,False,0,6,False,0.7888707037643208,0.1411229135053111,0.014832507996276407
native,0.1,417,12,wicker_basket,wicker basket,1001,0.8031968031968032,True,1,12,True,0.8031968031968032,0.8503496503496504,0.014142486554581248
native,0.1,417,12,bed,bed,53327,0.0,False,0,13,False,0.0,0.0,1.6456947648127787
native,0.1,417,16,dresser,dresser,6170,0.25996758508914103,True,1,11,True,0.25996758508914103,1.0,0.34670312811050713
native,0.1,417,16,tall_vase,vase,611,0.7888707037643208,False,0,6,False,0.7888707037643208,0.1411229135053111,0.014832507996276407
native,0.1,417,16,wicker_basket,wicker basket,1001,0.8031968031968032,True,1,12,True,0.8031968031968032,0.8503496503496504,0.014142486554581248
native,0.1,417,16,bed,bed,53327,0.335083541170514,True,2,19,True,0.335083541170514,0.8019685039370079,0.22644948556173702
threshold,0.1,417,8,dresser,dresser,6170,0.820097244732577,True,2,17,True,0.820097244732577,0.6731141199226306,0.048973154295442245
threshold,0.1,417,8,tall_vase,vase,611,0.7872340425531915,False,0,7,False,0.7872340425531915,0.0962457337883959,0.017831575114297612
threshold,0.1,417,8,wicker_basket,wicker basket,1001,0.8731268731268731,True,1,13,True,0.8731268731268731,0.732824427480916,0.0499954601973286
threshold,0.1,417,12,dresser,dresser,6170,0.8873581847649918,True,2,18,True,0.8873581847649918,0.7020686175580222,0.046058947856158564
threshold,0.1,417,12,tall_vase,vase,611,0.7872340425531915,False,0,8,False,0.7872340425531915,0.0962457337883959,0.017831575114297612
threshold,0.1,417,12,wicker_basket,wicker basket,1001,0.8861138861138861,True,2,14,True,0.8861138861138861,0.7358892438764644,0.02717885998498248
threshold,0.1,417,12,bed,bed,53327,0.37423819078515574,True,1,22,True,0.37423819078515574,0.6583917970858068,0.21306324978402738
threshold,0.1,417,16,dresser,dresser,6170,0.8873581847649918,True,2,18,True,0.8873581847649918,0.7020686175580222,0.046058947856158564
threshold,0.1,417,16,tall_vase,vase,611,0.7872340425531915,False,0,8,False,0.7872340425531915,0.09690721649484536,0.017831575114297612
threshold,0.1,417,16,wicker_basket,wicker basket,1001,0.8861138861138861,True,2,14,True,0.8861138861138861,0.7358892438764644,0.02717885998498248
threshold,0.1,417,16,bed,bed,53327,0.6099536819997374,True,2,28,True,0.335083541170514,0.8019685039370079,0.22644948556173702
visibility,0.1,417,8,dresser,dresser,6170,0.820097244732577,True,1,13,True,0.820097244732577,0.6731141199226306,0.048973154295442245
visibility,0.1,417,8,tall_vase,vase,611,0.7872340425531915,False,0,6,False,0.7872340425531915,0.09591836734693877,0.017799207349959816
visibility,0.1,417,8,wicker_basket,wicker basket,1001,0.8731268731268731,True,1,11,True,0.8731268731268731,0.732824427480916,0.0499954601973286
visibility,0.1,417,12,dresser,dresser,6170,0.8873581847649918,True,1,14,True,0.8873581847649918,0.7020686175580222,0.046058947856158564
visibility,0.1,417,12,tall_vase,vase,611,0.7872340425531915,False,0,7,False,0.7872340425531915,0.09591836734693877,0.017799207349959816
visibility,0.1,417,12,wicker_basket,wicker basket,1001,0.8861138861138861,True,2,12,True,0.8861138861138861,0.7404580152671756,0.02957774986113852
visibility,0.1,417,12,bed,bed,53327,0.37423819078515574,True,1,17,True,0.37423819078515574,0.6583917970858068,0.21306324978402738
visibility,0.1,417,16,dresser,dresser,6170,0.8873581847649918,True,1,14,True,0.8873581847649918,0.7020686175580222,0.046058947856158564
visibility,0.1,417,16,tall_vase,vase,611,0.7872340425531915,False,0,7,False,0.7872340425531915,0.09657534246575343,0.017799207349959816
visibility,0.1,417,16,wicker_basket,wicker basket,1001,0.8861138861138861,True,2,12,True,0.8861138861138861,0.7404580152671756,0.02957774986113852
visibility,0.1,417,16,bed,bed,53327,0.6099536819997374,True,2,22,True,0.335083541170514,0.8019685039370079,0.22644948556173702
fixed_association,0.1,417,8,dresser,dresser,6170,0.24343598055105348,True,1,10,True,0.24343598055105348,0.990625,0.37062450606980035
fixed_association,0.1,417,8,tall_vase,vase,611,0.7888707037643208,False,0,5,False,0.7888707037643208,0.14136125654450263,0.014832507996276407
fixed_association,0.1,417,8,wicker_basket,wicker basket,1001,0.0,False,0,7,False,0.0,0.0,2.877575460840944
fixed_association,0.1,417,12,dresser,dresser,6170,0.34505672609400323,True,2,13,True,0.26304700162074557,0.9882697947214076,0.32524565017049445
fixed_association,0.1,417,12,tall_vase,vase,611,0.7888707037643208,False,0,6,False,0.7888707037643208,0.14136125654450263,0.014832507996276407
fixed_association,0.1,417,12,wicker_basket,wicker basket,1001,0.8161838161838162,True,2,11,True,0.6883116883116883,0.7490196078431373,0.03491161194293846
fixed_association,0.1,417,12,bed,bed,53327,0.0,False,0,17,False,0.0,0.0,1.6456947648127787
fixed_association,0.1,417,16,dresser,dresser,6170,0.3445705024311183,True,2,13,True,0.26304700162074557,0.9881656804733728,0.32524565017049445
fixed_association,0.1,417,16,tall_vase,vase,611,0.7888707037643208,False,0,6,False,0.7888707037643208,0.14136125654450263,0.014832507996276407
fixed_association,0.1,417,16,wicker_basket,wicker basket,1001,0.8161838161838162,True,2,11,True,0.6883116883116883,0.75049115913556,0.03491161194293846
fixed_association,0.1,417,16,bed,bed,53327,0.335083541170514,True,2,22,True,0.335083541170514,0.8019685039370079,0.22644948556173702
oracle_replay,0.1,417,8,dresser,dresser,6170,0.8350081037277147,True,4,14,True,0.34359805510534847,0.9982014388489209,0.19751292100753998
oracle_replay,0.1,417,8,tall_vase,vase,611,1.0,False,0,10,False,1.0,0.2086687306501548,0.009387810632757034
oracle_replay,0.1,417,8,wicker_basket,wicker basket,1001,0.8101898101898102,True,2,24,True,0.8101898101898102,0.8659305993690851,0.01212657622281669
oracle_replay,0.1,417,12,dresser,dresser,6170,0.8350081037277147,True,4,23,True,0.8350081037277147,0.6437976437976438,0.013502451972077143
oracle_replay,0.1,417,12,tall_vase,vase,611,1.0,False,0,10,False,1.0,0.2086687306501548,0.009387810632757034
oracle_replay,0.1,417,12,wicker_basket,wicker basket,1001,0.8151848151848152,True,2,19,True,0.7352647352647352,0.7571428571428571,0.032924180619089756
oracle_replay,0.1,417,12,bed,bed,53327,0.0,False,0,26,False,0.0,0.0,1.6456947648127787
oracle_replay,0.1,417,16,dresser,dresser,6170,0.8189627228525121,True,4,23,True,0.8189627228525121,0.6389695210449927,0.01391519765775626
oracle_replay,0.1,417,16,tall_vase,vase,611,1.0,False,0,10,False,1.0,0.2096069868995633,0.009387810632757034
oracle_replay,0.1,417,16,wicker_basket,wicker basket,1001,0.8151848151848152,True,2,19,True,0.7352647352647352,0.7571428571428571,0.032924180619089756
oracle_replay,0.1,417,16,bed,bed,53327,0.335083541170514,True,2,31,True,0.335083541170514,0.8019685039370079,0.22644948556173702
native,0.1,518,8,dresser,dresser,6170,0.8306320907617504,True,1,11,True,0.8306320907617504,0.5854359629511339,0.02402082551858628
native,0.1,518,8,tall_vase,vase,611,0.1309328968903437,False,0,8,False,0.0867430441898527,0.021800947867298578,0.1304860773039962
native,0.1,518,8,wicker_basket,wicker basket,1001,0.7682317682317682,True,1,12,True,0.7682317682317682,0.824,0.034170187596861114
native,0.1,518,12,dresser,dresser,6170,0.8306320907617504,True,3,15,True,0.8306320907617504,0.5854359629511339,0.02402082551858628
native,0.1,518,12,tall_vase,vase,611,0.1309328968903437,False,0,8,False,0.0867430441898527,0.021800947867298578,0.1304860773039962
native,0.1,518,12,wicker_basket,wicker basket,1001,0.8071928071928072,True,2,11,True,0.6973026973026973,0.8228404099560761,0.037327869898248704
native,0.1,518,12,bed,bed,53327,0.0,False,0,21,False,0.0,0.0,1.6456947648127787
native,0.1,518,16,dresser,dresser,6170,0.8147487844408428,True,3,15,True,0.8147487844408428,0.5853035143769968,0.02403472421720395
native,0.1,518,16,tall_vase,vase,611,0.1309328968903437,False,0,8,False,0.0867430441898527,0.021800947867298578,0.1304860773039962
native,0.1,518,16,wicker_basket,wicker basket,1001,0.8071928071928072,True,2,11,True,0.6973026973026973,0.8228404099560761,0.037327869898248704
native,0.1,518,16,bed,bed,53327,0.335083541170514,True,2,26,True,0.335083541170514,0.8019685039370079,0.22644948556173702
threshold,0.1,518,8,dresser,dresser,6170,0.8304700162074554,True,1,15,True,0.8304700162074554,0.5837595907928389,0.02426056769856793
threshold,0.1,518,8,tall_vase,vase,611,0.7806873977086743,False,0,6,False,0.7806873977086743,0.07740324594257178,0.019454634196533097
threshold,0.1,518,8,wicker_basket,wicker basket,1001,0.7702297702297702,True,2,9,True,0.7702297702297702,0.8273684210526315,0.0347853305230964
threshold,0.1,518,12,dresser,dresser,6170,0.8304700162074554,True,3,18,True,0.8304700162074554,0.5837595907928389,0.02426056769856793
threshold,0.1,518,12,tall_vase,vase,611,0.7806873977086743,False,0,6,False,0.7806873977086743,0.07740324594257178,0.019454634196533097
threshold,0.1,518,12,wicker_basket,wicker basket,1001,0.8071928071928072,True,2,13,True,0.7072927072927073,0.8228782287822878,0.030561775767497586
threshold,0.1,518,12,bed,bed,53327,0.37423819078515574,True,1,22,True,0.37423819078515574,0.6583917970858068,0.21306324978402738
threshold,0.1,518,16,dresser,dresser,6170,0.8145867098865478,True,3,18,True,0.8145867098865478,0.5836264790534058,0.024275871587984305
threshold,0.1,518,16,tall_vase,vase,611,0.7806873977086743,False,0,6,False,0.7806873977086743,0.07740324594257178,0.019454634196533097
threshold,0.1,518,16,wicker_basket,wicker basket,1001,0.8071928071928072,True,2,13,True,0.7072927072927073,0.8228782287822878,0.030561775767497586
threshold,0.1,518,16,bed,bed,53327,0.6099536819997374,True,2,27,True,0.335083541170514,0.8019685039370079,0.22644948556173702
visibility,0.1,518,8,dresser,dresser,6170,0.8298217179902755,True,1,16,True,0.8298217179902755,0.5782312925170068,0.029790535040739405
visibility,0.1,518,8,tall_vase,vase,611,0.7806873977086743,False,0,6,False,0.7806873977086743,0.0792264504054897,0.018800568366825154
visibility,0.1,518,8,wicker_basket,wicker basket,1001,0.7702297702297702,True,2,10,True,0.7702297702297702,0.8273684210526315,0.0347853305230964
visibility,0.1,518,12,dresser,dresser,6170,0.8298217179902755,True,3,19,True,0.8298217179902755,0.5782312925170068,0.029790535040739405
visibility,0.1,518,12,tall_vase,vase,611,0.7806873977086743,False,0,6,False,0.7806873977086743,0.0792264504054897,0.018800568366825154
visibility,0.1,518,12,wicker_basket,wicker basket,1001,0.8071928071928072,True,2,14,True,0.7082917082917083,0.8272383354350568,0.031145586944773495
visibility,0.1,518,12,bed,bed,53327,0.37423819078515574,True,1,23,True,0.37423819078515574,0.6583917970858068,0.21306324978402738
visibility,0.1,518,16,dresser,dresser,6170,0.8137763371150729,True,3,19,True,0.8137763371150729,0.5780946208684381,0.02991415213923298
visibility,0.1,518,16,tall_vase,vase,611,0.7806873977086743,False,0,6,False,0.7806873977086743,0.0792264504054897,0.018800568366825154
visibility,0.1,518,16,wicker_basket,wicker basket,1001,0.8071928071928072,True,2,14,True,0.7082917082917083,0.8272383354350568,0.031145586944773495
visibility,0.1,518,16,bed,bed,53327,0.6099536819997374,True,2,26,True,0.335083541170514,0.8019685039370079,0.22644948556173702
fixed_association,0.1,518,8,dresser,dresser,6170,0.8235008103727715,True,1,11,True,0.8235008103727715,0.6394078251674303,0.014068310568668089
fixed_association,0.1,518,8,tall_vase,vase,611,1.0,False,0,8,False,1.0,0.2095881991395206,0.009356552950807936
fixed_association,0.1,518,8,wicker_basket,wicker basket,1001,0.8101898101898102,True,1,12,True,0.8101898101898102,0.8659305993690851,0.01212657622281669
fixed_association,0.1,518,12,dresser,dresser,6170,0.8235008103727715,True,3,19,True,0.3432739059967585,0.9946902654867257,0.19797016498687967
fixed_association,0.1,518,12,tall_vase,vase,611,1.0,False,0,8,False,1.0,0.2095881991395206,0.009356552950807936
fixed_association,0.1,518,12,wicker_basket,wicker basket,1001,0.8151848151848152,True,2,21,True,0.7062937062937062,0.7349896480331263,0.04026174281483651
fixed_association,0.1,518,12,bed,bed,53327,0.0,False,0,16,False,0.0,0.0,3.300766508070945
fixed_association,0.1,518,16,dresser,dresser,6170,0.8081037277147488,True,3,19,True,0.3424635332252836,0.9936575052854123,0.1990957560697587
fixed_association,0.1,518,16,tall_vase,vase,611,1.0,False,0,8,False,1.0,0.21114551083591332,0.009356552950807936
fixed_association,0.1,518,16,wicker_basket,wicker basket,1001,0.8151848151848152,True,2,21,True,0.7062937062937062,0.7349896480331263,0.04026174281483651
fixed_association,0.1,518,16,bed,bed,53327,0.335083541170514,True,2,28,True,0.335083541170514,0.8019685039370079,0.22644948556173702
oracle_replay,0.1,518,8,dresser,dresser,6170,0.8350081037277147,True,4,14,True,0.34359805510534847,0.9982014388489209,0.19751292100753998
oracle_replay,0.1,518,8,tall_vase,vase,611,1.0,False,0,10,False,1.0,0.2086687306501548,0.009387810632757034
oracle_replay,0.1,518,8,wicker_basket,wicker basket,1001,0.8101898101898102,True,2,24,True,0.8101898101898102,0.8659305993690851,0.01212657622281669
oracle_replay,0.1,518,12,dresser,dresser,6170,0.8350081037277147,True,4,23,True,0.8350081037277147,0.6437976437976438,0.013502451972077143
oracle_replay,0.1,518,12,tall_vase,vase,611,1.0,False,0,10,False,1.0,0.2086687306501548,0.009387810632757034
oracle_replay,0.1,518,12,wicker_basket,wicker basket,1001,0.8151848151848152,True,2,19,True,0.7352647352647352,0.7571428571428571,0.032924180619089756
oracle_replay,0.1,518,12,bed,bed,53327,0.0,False,0,26,False,0.0,0.0,1.6456947648127787
oracle_replay,0.1,518,16,dresser,dresser,6170,0.8189627228525121,True,4,23,True,0.8189627228525121,0.6389695210449927,0.01391519765775626
oracle_replay,0.1,518,16,tall_vase,vase,611,1.0,False,0,10,False,1.0,0.2096069868995633,0.009387810632757034
oracle_replay,0.1,518,16,wicker_basket,wicker basket,1001,0.8151848151848152,True,2,19,True,0.7352647352647352,0.7571428571428571,0.032924180619089756
oracle_replay,0.1,518,16,bed,bed,53327,0.335083541170514,True,2,31,True,0.335083541170514,0.8019685039370079,0.22644948556173702
native,0.1,619,8,dresser,dresser,6170,0.8377633711507293,True,1,11,True,0.8377633711507293,0.6649470540320391,0.02618903251019146
native,0.1,619,8,tall_vase,vase,611,1.0,False,0,7,False,1.0,0.16435185185185186,0.01722410432696224
native,0.1,619,8,wicker_basket,wicker basket,1001,0.052947052947052944,False,0,9,False,0.0,0.0,2.8640065433496704
native,0.1,619,12,dresser,dresser,6170,0.8377633711507293,True,3,13,True,0.8377633711507293,0.6649470540320391,0.02618903251019146
native,0.1,619,12,tall_vase,vase,611,1.0,False,0,7,False,1.0,0.16435185185185186,0.01722410432696224
native,0.1,619,12,wicker_basket,wicker basket,1001,0.7812187812187812,True,2,16,True,0.6573426573426573,0.7541666666666667,0.04887055917981823
native,0.1,619,12,bed,bed,53327,0.0,False,0,21,False,0.0,0.0,1.6456947648127787
native,0.1,619,16,dresser,dresser,6170,0.8222042139384117,True,3,12,True,0.8222042139384117,0.6647650095082858,0.026403351865231992
native,0.1,619,16,tall_vase,vase,611,1.0,False,0,7,False,1.0,0.16511627906976745,0.01722410432696224
native,0.1,619,16,wicker_basket,wicker basket,1001,0.7812187812187812,True,2,15,True,0.6563436563436563,0.7542016806722689,0.04887055917981823
native,0.1,619,16,bed,bed,53327,0.335083541170514,True,2,25,True,0.335083541170514,0.8019685039370079,0.22644948556173702
threshold,0.1,619,8,dresser,dresser,6170,0.8377633711507293,True,1,15,True,0.8377633711507293,0.6661255411255411,0.02618903251019146
threshold,0.1,619,8,tall_vase,vase,611,1.0,False,0,8,False,1.0,0.2291780076211214,0.01570027754327
threshold,0.1,619,8,wicker_basket,wicker basket,1001,0.7962037962037962,True,2,16,True,0.7512487512487512,0.8922495274102079,0.04464468205412244
threshold,0.1,619,12,dresser,dresser,6170,0.8377633711507293,True,3,16,True,0.8377633711507293,0.6661255411255411,0.02618903251019146
threshold,0.1,619,12,tall_vase,vase,611,1.0,False,0,8,False,1.0,0.2291780076211214,0.01570027754327
threshold,0.1,619,12,wicker_basket,wicker basket,1001,0.8021978021978022,True,2,13,True,0.7992007992007992,0.6786127167630058,0.027977011033077794
threshold,0.1,619,12,bed,bed,53327,0.37423819078515574,True,1,22,True,0.37423819078515574,0.6583917970858068,0.21306324978402738
threshold,0.1,619,16,dresser,dresser,6170,0.8222042139384117,True,3,16,True,0.8222042139384117,0.6659447753113157,0.026403351865231992
threshold,0.1,619,16,tall_vase,vase,611,1.0,False,0,8,False,1.0,0.22921225382932167,0.01570027754327
threshold,0.1,619,16,wicker_basket,wicker basket,1001,0.8021978021978022,True,2,13,True,0.7702297702297702,0.6771196283391405,0.02829102235786387
threshold,0.1,619,16,bed,bed,53327,0.6099536819997374,True,2,27,True,0.335083541170514,0.8019685039370079,0.22644948556173702
visibility,0.1,619,8,dresser,dresser,6170,0.8377633711507293,True,1,14,True,0.8377633711507293,0.6649470540320391,0.02618903251019146
visibility,0.1,619,8,tall_vase,vase,611,1.0,False,0,7,False,1.0,0.1645422943221321,0.01722410432696224
visibility,0.1,619,8,wicker_basket,wicker basket,1001,0.7962037962037962,True,2,15,True,0.7512487512487512,0.8922495274102079,0.04464468205412244
visibility,0.1,619,12,dresser,dresser,6170,0.8377633711507293,True,2,15,True,0.8377633711507293,0.6649470540320391,0.02618903251019146
visibility,0.1,619,12,tall_vase,vase,611,1.0,False,0,7,False,1.0,0.1645422943221321,0.01722410432696224
visibility,0.1,619,12,wicker_basket,wicker basket,1001,0.8021978021978022,True,2,12,True,0.7992007992007992,0.6816037735849056,0.028293656381547214
visibility,0.1,619,12,bed,bed,53327,0.37423819078515574,True,1,20,True,0.37423819078515574,0.6583917970858068,0.21306324978402738
visibility,0.1,619,16,dresser,dresser,6170,0.8222042139384117,True,2,15,True,0.8222042139384117,0.6647650095082858,0.026403351865231992
visibility,0.1,619,16,tall_vase,vase,611,1.0,False,0,7,False,1.0,0.16530849825378346,0.01722410432696224
visibility,0.1,619,16,wicker_basket,wicker basket,1001,0.8021978021978022,True,2,12,True,0.7702297702297702,0.6800947867298578,0.028469109490332333
visibility,0.1,619,16,bed,bed,53327,0.6099536819997374,True,2,24,True,0.335083541170514,0.8019685039370079,0.22644948556173702
fixed_association,0.1,619,8,dresser,dresser,6170,0.8350081037277147,True,1,11,True,0.8350081037277147,0.6437976437976438,0.013502451972077143
fixed_association,0.1,619,8,tall_vase,vase,611,1.0,False,0,7,False,1.0,0.2086687306501548,0.009387810632757034
fixed_association,0.1,619,8,wicker_basket,wicker basket,1001,0.027972027972027972,False,0,9,False,0.0,0.0,2.877575460840944
fixed_association,0.1,619,12,dresser,dresser,6170,0.8350081037277147,True,2,12,True,0.8350081037277147,0.6437976437976438,0.013502451972077143
fixed_association,0.1,619,12,tall_vase,vase,611,1.0,False,0,7,False,1.0,0.2086687306501548,0.009387810632757034
fixed_association,0.1,619,12,wicker_basket,wicker basket,1001,0.7952047952047953,True,1,19,True,0.7952047952047953,0.837620578778135,0.012137688114606738
fixed_association,0.1,619,12,bed,bed,53327,0.0,False,0,20,False,0.0,0.0,1.6456947648127787
fixed_association,0.1,619,16,dresser,dresser,6170,0.8189627228525121,True,2,11,True,0.8189627228525121,0.6389695210449927,0.01391519765775626
fixed_association,0.1,619,16,tall_vase,vase,611,1.0,False,0,6,False,1.0,0.2096069868995633,0.009387810632757034
fixed_association,0.1,619,16,wicker_basket,wicker basket,1001,0.7952047952047953,True,1,17,True,0.7952047952047953,0.837620578778135,0.012137688114606738
fixed_association,0.1,619,16,bed,bed,53327,0.335083541170514,True,2,23,True,0.335083541170514,0.8019685039370079,0.22644948556173702
oracle_replay,0.1,619,8,dresser,dresser,6170,0.8350081037277147,True,4,14,True,0.34359805510534847,0.9982014388489209,0.19751292100753998
oracle_replay,0.1,619,8,tall_vase,vase,611,1.0,False,0,10,False,1.0,0.2086687306501548,0.009387810632757034
oracle_replay,0.1,619,8,wicker_basket,wicker basket,1001,0.8101898101898102,True,2,24,True,0.8101898101898102,0.8659305993690851,0.01212657622281669
oracle_replay,0.1,619,12,dresser,dresser,6170,0.8350081037277147,True,4,23,True,0.8350081037277147,0.6437976437976438,0.013502451972077143
oracle_replay,0.1,619,12,tall_vase,vase,611,1.0,False,0,10,False,1.0,0.2086687306501548,0.009387810632757034
oracle_replay,0.1,619,12,wicker_basket,wicker basket,1001,0.8151848151848152,True,2,19,True,0.7352647352647352,0.7571428571428571,0.032924180619089756
oracle_replay,0.1,619,12,bed,bed,53327,0.0,False,0,26,False,0.0,0.0,1.6456947648127787
oracle_replay,0.1,619,16,dresser,dresser,6170,0.8189627228525121,True,4,23,True,0.8189627228525121,0.6389695210449927,0.01391519765775626
oracle_replay,0.1,619,16,tall_vase,vase,611,1.0,False,0,10,False,1.0,0.2096069868995633,0.009387810632757034
oracle_replay,0.1,619,16,wicker_basket,wicker basket,1001,0.8151848151848152,True,2,19,True,0.7352647352647352,0.7571428571428571,0.032924180619089756
oracle_replay,0.1,619,16,bed,bed,53327,0.335083541170514,True,2,31,True,0.335083541170514,0.8019685039370079,0.22644948556173702
native,0.3,417,8,dresser,dresser,6170,0.05121555915721232,False,0,7,False,0.05121555915721232,0.9,0.30919922052436993
native,0.3,417,8,tall_vase,vase,611,0.7888707037643208,False,0,4,False,0.7888707037643208,0.13013698630136986,0.015086380207338764
native,0.3,417,8,wicker_basket,wicker basket,1001,0.0,False,0,5,False,0.0,0.0,2.83851501601011
native,0.3,417,12,dresser,dresser,6170,0.05121555915721232,False,0,8,False,0.05121555915721232,0.9,0.30919922052436993
native,0.3,417,12,tall_vase,vase,611,0.7888707037643208,False,0,5,False,0.7888707037643208,0.13013698630136986,0.015086380207338764
native,0.3,417,12,wicker_basket,wicker basket,1001,0.001998001998001998,False,0,6,False,0.0,0.0,2.83851501601011
native,0.3,417,12,bed,bed,53327,0.0,False,0,9,False,0.0,0.0,1.6456947648127787
native,0.3,417,16,dresser,dresser,6170,0.05121555915721232,False,0,8,False,0.05121555915721232,0.9,0.30919922052436993
native,0.3,417,16,tall_vase,vase,611,0.7888707037643208,False,0,5,False,0.7888707037643208,0.13013698630136986,0.015086380207338764
native,0.3,417,16,wicker_basket,wicker basket,1001,0.001998001998001998,False,0,6,False,0.0,0.0,2.83851501601011
native,0.3,417,16,bed,bed,53327,0.335083541170514,True,2,15,True,0.335083541170514,0.8019685039370079,0.22644948556173702
threshold,0.3,417,8,dresser,dresser,6170,0.05121555915721232,False,0,9,False,0.05121555915721232,0.9,0.30919922052436993
threshold,0.3,417,8,tall_vase,vase,611,1.0,False,0,5,False,1.0,0.19654714475431606,0.014916529402475611
threshold,0.3,417,8,wicker_basket,wicker basket,1001,0.0,False,0,5,False,0.0,0.0,0.7133770972956801
threshold,0.3,417,12,dresser,dresser,6170,0.05121555915721232,False,0,11,False,0.05121555915721232,0.9,0.30919922052436993
threshold,0.3,417,12,tall_vase,vase,611,1.0,False,0,6,False,1.0,0.19654714475431606,0.014916529402475611
threshold,0.3,417,12,wicker_basket,wicker basket,1001,0.8001998001998002,True,2,9,True,0.6983016983016983,0.7645985401459854,0.04217501597321624
threshold,0.3,417,12,bed,bed,53327,0.37423819078515574,True,1,13,True,0.37423819078515574,0.6583917970858068,0.21306324978402738
threshold,0.3,417,16,dresser,dresser,6170,0.05121555915721232,False,0,11,False,0.05121555915721232,0.9,0.30919922052436993
threshold,0.3,417,16,tall_vase,vase,611,1.0,False,0,6,False,1.0,0.19654714475431606,0.014916529402475611
threshold,0.3,417,16,wicker_basket,wicker basket,1001,0.8001998001998002,True,2,9,True,0.6983016983016983,0.7645985401459854,0.04217501597321624
threshold,0.3,417,16,bed,bed,53327,0.6099536819997374,True,2,20,True,0.335083541170514,0.8019685039370079,0.22644948556173702
visibility,0.3,417,8,dresser,dresser,6170,0.0,False,0,2,False,0.0,0.0,2.0478211465723186
visibility,0.3,417,8,tall_vase,vase,611,0.0,False,0,2,False,0.0,0.0,1.661115685723629
visibility,0.3,417,8,wicker_basket,wicker basket,1001,0.0,False,0,6,False,0.0,0.0,2.83851501601011
visibility,0.3,417,12,dresser,dresser,6170,0.01831442463533225,False,0,9,False,0.0,0.0,0.8246771612346806
visibility,0.3,417,12,tall_vase,vase,611,0.019639934533551555,False,0,8,False,0.0,0.0,0.7933719485640888
visibility,0.3,417,12,wicker_basket,wicker basket,1001,0.8001998001998002,True,2,8,True,0.6983016983016983,0.7645985401459854,0.04217501597321624
visibility,0.3,417,12,bed,bed,53327,0.37423819078515574,True,1,10,True,0.37423819078515574,0.6583917970858068,0.21306324978402738
visibility,0.3,417,16,dresser,dresser,6170,0.01831442463533225,False,0,16,False,0.0,0.0,5.439862366459788
visibility,0.3,417,16,tall_vase,vase,611,0.019639934533551555,False,0,16,False,0.0,0.0,5.438009112477646
visibility,0.3,417,16,wicker_basket,wicker basket,1001,0.8001998001998002,True,2,8,True,0.6983016983016983,0.7645985401459854,0.04217501597321624
visibility,0.3,417,16,bed,bed,53327,0.6099536819997374,True,2,15,True,0.335083541170514,0.8019685039370079,0.22644948556173702
fixed_association,0.3,417,8,dresser,dresser,6170,0.24343598055105348,True,1,7,True,0.24343598055105348,0.990625,0.37062450606980035
fixed_association,0.3,417,8,tall_vase,vase,611,0.7888707037643208,False,0,4,False,0.7888707037643208,0.14136125654450263,0.014832507996276407
fixed_association,0.3,417,8,wicker_basket,wicker basket,1001,0.0,False,0,5,False,0.0,0.0,2.881901100066648
fixed_association,0.3,417,12,dresser,dresser,6170,0.34505672609400323,True,2,10,True,0.26304700162074557,0.9882697947214076,0.32524565017049445
fixed_association,0.3,417,12,tall_vase,vase,611,0.7888707037643208,False,0,5,False,0.7888707037643208,0.14136125654450263,0.014832507996276407
fixed_association,0.3,417,12,wicker_basket,wicker basket,1001,0.8161838161838162,True,2,8,True,0.6883116883116883,0.7490196078431373,0.03491161194293846
fixed_association,0.3,417,12,bed,bed,53327,0.0,False,0,14,False,0.0,0.0,1.6456947648127787
fixed_association,0.3,417,16,dresser,dresser,6170,0.3445705024311183,True,2,10,True,0.26304700162074557,0.9881656804733728,0.32524565017049445
fixed_association,0.3,417,16,tall_vase,vase,611,0.7888707037643208,False,0,5,False,0.7888707037643208,0.14136125654450263,0.014832507996276407
fixed_association,0.3,417,16,wicker_basket,wicker basket,1001,0.8161838161838162,True,2,8,True,0.6883116883116883,0.75049115913556,0.03491161194293846
fixed_association,0.3,417,16,bed,bed,53327,0.335083541170514,True,2,19,True,0.335083541170514,0.8019685039370079,0.22644948556173702
oracle_replay,0.3,417,8,dresser,dresser,6170,0.8350081037277147,True,4,14,True,0.34359805510534847,0.9982014388489209,0.19751292100753998
oracle_replay,0.3,417,8,tall_vase,vase,611,1.0,False,0,10,False,1.0,0.2086687306501548,0.009387810632757034
oracle_replay,0.3,417,8,wicker_basket,wicker basket,1001,0.8101898101898102,True,2,24,True,0.8101898101898102,0.8659305993690851,0.01212657622281669
oracle_replay,0.3,417,12,dresser,dresser,6170,0.8350081037277147,True,4,23,True,0.8350081037277147,0.6437976437976438,0.013502451972077143
oracle_replay,0.3,417,12,tall_vase,vase,611,1.0,False,0,10,False,1.0,0.2086687306501548,0.009387810632757034
oracle_replay,0.3,417,12,wicker_basket,wicker basket,1001,0.8151848151848152,True,2,19,True,0.7352647352647352,0.7571428571428571,0.032924180619089756
oracle_replay,0.3,417,12,bed,bed,53327,0.0,False,0,26,False,0.0,0.0,1.6456947648127787
oracle_replay,0.3,417,16,dresser,dresser,6170,0.8189627228525121,True,4,23,True,0.8189627228525121,0.6389695210449927,0.01391519765775626
oracle_replay,0.3,417,16,tall_vase,vase,611,1.0,False,0,10,False,1.0,0.2096069868995633,0.009387810632757034
oracle_replay,0.3,417,16,wicker_basket,wicker basket,1001,0.8151848151848152,True,2,19,True,0.7352647352647352,0.7571428571428571,0.032924180619089756
oracle_replay,0.3,417,16,bed,bed,53327,0.335083541170514,True,2,31,True,0.335083541170514,0.8019685039370079,0.22644948556173702
native,0.3,518,8,dresser,dresser,6170,0.0,False,0,9,False,0.0,0.0,0.8939123273408465
native,0.3,518,8,tall_vase,vase,611,0.0,False,0,6,False,0.0,0.0,0.8367059540929342
native,0.3,518,8,wicker_basket,wicker basket,1001,0.0,False,0,6,False,0.0,0.0,1.577186401223097
native,0.3,518,12,dresser,dresser,6170,0.0,False,0,10,False,0.0,0.0,0.8939123273408465
native,0.3,518,12,tall_vase,vase,611,0.0,False,0,7,False,0.0,0.0,0.8367059540929342
native,0.3,518,12,wicker_basket,wicker basket,1001,0.017982017982017984,False,0,7,False,0.0,0.0,1.577186401223097
native,0.3,518,12,bed,bed,53327,0.0,False,0,11,False,0.0,0.0,1.6456947648127787
native,0.3,518,16,dresser,dresser,6170,0.0,False,0,10,False,0.0,0.0,0.8939123273408465
native,0.3,518,16,tall_vase,vase,611,0.0,False,0,7,False,0.0,0.0,0.8367059540929342
native,0.3,518,16,wicker_basket,wicker basket,1001,0.017982017982017984,False,0,7,False,0.0,0.0,1.577186401223097
native,0.3,518,16,bed,bed,53327,0.335083541170514,True,2,16,True,0.335083541170514,0.8019685039370079,0.22644948556173702
threshold,0.3,518,8,dresser,dresser,6170,0.8100486223662885,True,1,6,True,0.8100486223662885,0.5038167938931297,0.05047462452140641
threshold,0.3,518,8,tall_vase,vase,611,0.12274959083469722,False,0,4,False,0.0,0.0,0.3253113008470396
threshold,0.3,518,8,wicker_basket,wicker basket,1001,0.0939060939060939,False,0,10,False,0.0,0.0,0.9150790545184521
threshold,0.3,518,12,dresser,dresser,6170,0.8100486223662885,True,1,9,True,0.8100486223662885,0.5038167938931297,0.05047462452140641
threshold,0.3,518,12,tall_vase,vase,611,0.12274959083469722,False,0,4,False,0.0,0.0,0.3253113008470396
threshold,0.3,518,12,wicker_basket,wicker basket,1001,0.7982017982017982,True,2,6,True,0.7022977022977023,0.8279883381924198,0.03605465777360967
threshold,0.3,518,12,bed,bed,53327,0.37423819078515574,True,1,17,True,0.37423819078515574,0.6583917970858068,0.21306324978402738
threshold,0.3,518,16,dresser,dresser,6170,0.8100486223662885,True,1,9,True,0.8100486223662885,0.5038167938931297,0.05047462452140641
threshold,0.3,518,16,tall_vase,vase,611,0.12274959083469722,False,0,4,False,0.0,0.0,0.3253113008470396
threshold,0.3,518,16,wicker_basket,wicker basket,1001,0.7982017982017982,True,2,6,True,0.7022977022977023,0.8279883381924198,0.03605465777360967
threshold,0.3,518,16,bed,bed,53327,0.6099536819997374,True,2,22,True,0.335083541170514,0.8019685039370079,0.22644948556173702
visibility,0.3,518,8,dresser,dresser,6170,0.8100486223662885,True,1,8,True,0.8100486223662885,0.5038167938931297,0.05047462452140641
visibility,0.3,518,8,tall_vase,vase,611,0.12274959083469722,False,0,6,False,0.0,0.0,0.3253113008470396
visibility,0.3,518,8,wicker_basket,wicker basket,1001,0.0939060939060939,False,0,11,False,0.0,0.0,1.577186401223097
visibility,0.3,518,12,dresser,dresser,6170,0.8100486223662885,True,1,10,True,0.8100486223662885,0.5038167938931297,0.05047462452140641
visibility,0.3,518,12,tall_vase,vase,611,0.12274959083469722,False,0,6,False,0.0,0.0,0.3253113008470396
visibility,0.3,518,12,wicker_basket,wicker basket,1001,0.7982017982017982,True,2,8,True,0.7022977022977023,0.8279883381924198,0.03605465777360967
visibility,0.3,518,12,bed,bed,53327,0.37423819078515574,True,1,17,True,0.37423819078515574,0.6583917970858068,0.21306324978402738
visibility,0.3,518,16,dresser,dresser,6170,0.8100486223662885,True,1,10,True,0.8100486223662885,0.5038167938931297,0.05047462452140641
visibility,0.3,518,16,tall_vase,vase,611,0.12274959083469722,False,0,6,False,0.0,0.0,0.3253113008470396
visibility,0.3,518,16,wicker_basket,wicker basket,1001,0.7982017982017982,True,2,8,True,0.7022977022977023,0.8279883381924198,0.03605465777360967
visibility,0.3,518,16,bed,bed,53327,0.6099536819997374,True,2,21,True,0.335083541170514,0.8019685039370079,0.22644948556173702
fixed_association,0.3,518,8,dresser,dresser,6170,0.011183144246353322,False,0,9,False,0.011183144246353322,0.007044320516583505,0.512062498622551
fixed_association,0.3,518,8,tall_vase,vase,611,0.0,False,0,6,False,0.0,0.0,0.43548520153240056
fixed_association,0.3,518,8,wicker_basket,wicker basket,1001,0.0,False,0,6,False,0.0,0.0,1.2842917745627918
fixed_association,0.3,518,12,dresser,dresser,6170,0.26288492706645056,True,1,16,False,0.011183144246353322,0.007044320516583505,0.512062498622551
fixed_association,0.3,518,12,tall_vase,vase,611,0.019639934533551555,False,0,8,False,0.0,0.0,0.43548520153240056
fixed_association,0.3,518,12,wicker_basket,wicker basket,1001,0.7952047952047953,True,2,15,True,0.7062937062937062,0.7349896480331263,0.04026174281483651
fixed_association,0.3,518,12,bed,bed,53327,0.0,False,0,9,False,0.0,0.0,3.300766508070945
fixed_association,0.3,518,16,dresser,dresser,6170,0.25494327390599675,True,1,15,False,0.011183144246353322,0.007054673721340388,0.512062498622551
fixed_association,0.3,518,16,tall_vase,vase,611,0.019639934533551555,False,0,7,False,0.0,0.0,0.43548520153240056
fixed_association,0.3,518,16,wicker_basket,wicker basket,1001,0.7952047952047953,True,2,14,True,0.7062937062937062,0.7349896480331263,0.04026174281483651
fixed_association,0.3,518,16,bed,bed,53327,0.335083541170514,True,2,21,True,0.335083541170514,0.8019685039370079,0.22644948556173702
oracle_replay,0.3,518,8,dresser,dresser,6170,0.8350081037277147,True,4,14,True,0.34359805510534847,0.9982014388489209,0.19751292100753998
oracle_replay,0.3,518,8,tall_vase,vase,611,1.0,False,0,10,False,1.0,0.2086687306501548,0.009387810632757034
oracle_replay,0.3,518,8,wicker_basket,wicker basket,1001,0.8101898101898102,True,2,24,True,0.8101898101898102,0.8659305993690851,0.01212657622281669
oracle_replay,0.3,518,12,dresser,dresser,6170,0.8350081037277147,True,4,23,True,0.8350081037277147,0.6437976437976438,0.013502451972077143
oracle_replay,0.3,518,12,tall_vase,vase,611,1.0,False,0,10,False,1.0,0.2086687306501548,0.009387810632757034
oracle_replay,0.3,518,12,wicker_basket,wicker basket,1001,0.8151848151848152,True,2,19,True,0.7352647352647352,0.7571428571428571,0.032924180619089756
oracle_replay,0.3,518,12,bed,bed,53327,0.0,False,0,26,False,0.0,0.0,1.6456947648127787
oracle_replay,0.3,518,16,dresser,dresser,6170,0.8189627228525121,True,4,23,True,0.8189627228525121,0.6389695210449927,0.01391519765775626
oracle_replay,0.3,518,16,tall_vase,vase,611,1.0,False,0,10,False,1.0,0.2096069868995633,0.009387810632757034
oracle_replay,0.3,518,16,wicker_basket,wicker basket,1001,0.8151848151848152,True,2,19,True,0.7352647352647352,0.7571428571428571,0.032924180619089756
oracle_replay,0.3,518,16,bed,bed,53327,0.335083541170514,True,2,31,True,0.335083541170514,0.8019685039370079,0.22644948556173702
native,0.3,619,8,dresser,dresser,6170,0.0,False,0,6,False,0.0,0.0,0.8578680029043529
native,0.3,619,8,tall_vase,vase,611,0.28805237315875615,False,0,6,False,0.28805237315875615,0.025362318840579712,0.14728906855372512
native,0.3,619,8,wicker_basket,wicker basket,1001,0.0,False,0,5,False,0.0,0.0,2.8520344935564914
native,0.3,619,12,dresser,dresser,6170,0.0,False,0,6,False,0.0,0.0,0.8851981840609069
native,0.3,619,12,tall_vase,vase,611,0.28805237315875615,False,0,9,False,0.28805237315875615,0.025362318840579712,0.14728906855372512
native,0.3,619,12,wicker_basket,wicker basket,1001,0.7812187812187812,True,2,8,True,0.6183816183816184,0.7184115523465704,0.058710500999884875
native,0.3,619,12,bed,bed,53327,0.0,False,0,10,False,0.0,0.0,1.6456947648127787
native,0.3,619,16,dresser,dresser,6170,0.0,False,0,16,False,0.0,0.0,5.439862366459788
native,0.3,619,16,tall_vase,vase,611,0.28805237315875615,False,0,9,False,0.28805237315875615,0.025362318840579712,0.14728906855372512
native,0.3,619,16,wicker_basket,wicker basket,1001,0.7812187812187812,True,2,8,True,0.6183816183816184,0.720292504570384,0.058710500999884875
native,0.3,619,16,bed,bed,53327,0.335083541170514,True,2,15,True,0.335083541170514,0.8019685039370079,0.22644948556173702
threshold,0.3,619,8,dresser,dresser,6170,0.7935170178282009,True,1,8,True,0.7935170178282009,0.6846038863976084,0.04457697829620698
threshold,0.3,619,8,tall_vase,vase,611,0.7839607201309329,False,0,6,False,0.7839607201309329,0.09859154929577464,0.018020565784425444
threshold,0.3,619,8,wicker_basket,wicker basket,1001,0.02097902097902098,False,0,6,False,0.0,0.0,0.6117369241397244
threshold,0.3,619,12,dresser,dresser,6170,0.7935170178282009,True,1,12,True,0.7935170178282009,0.6846038863976084,0.04457697829620698
threshold,0.3,619,12,tall_vase,vase,611,0.7839607201309329,False,0,6,False,0.7839607201309329,0.09859154929577464,0.018020565784425444
threshold,0.3,619,12,wicker_basket,wicker basket,1001,0.7812187812187812,True,2,10,True,0.6183816183816184,0.7184115523465704,0.058710500999884875
threshold,0.3,619,12,bed,bed,53327,0.37423819078515574,True,1,13,True,0.37423819078515574,0.6583917970858068,0.21306324978402738
threshold,0.3,619,16,dresser,dresser,6170,0.7789303079416532,True,1,12,True,0.7789303079416532,0.6844466600199401,0.04468990802690216
threshold,0.3,619,16,tall_vase,vase,611,0.7839607201309329,False,0,6,False,0.7839607201309329,0.09866468842729971,0.018020565784425444
threshold,0.3,619,16,wicker_basket,wicker basket,1001,0.7812187812187812,True,2,10,True,0.6183816183816184,0.720292504570384,0.058710500999884875
threshold,0.3,619,16,bed,bed,53327,0.6099536819997374,True,2,18,True,0.335083541170514,0.8019685039370079,0.22644948556173702
visibility,0.3,619,8,dresser,dresser,6170,0.7935170178282009,True,1,7,True,0.7935170178282009,0.6846038863976084,0.04457697829620698
visibility,0.3,619,8,tall_vase,vase,611,0.7839607201309329,False,0,5,False,0.7839607201309329,0.09844559585492228,0.018020565784425444
visibility,0.3,619,8,wicker_basket,wicker basket,1001,0.02097902097902098,False,0,6,False,0.0,0.0,2.8520344935564914
visibility,0.3,619,12,dresser,dresser,6170,0.7935170178282009,True,1,10,True,0.7935170178282009,0.6846038863976084,0.04457697829620698
visibility,0.3,619,12,tall_vase,vase,611,0.7839607201309329,False,0,5,False,0.7839607201309329,0.09844559585492228,0.018020565784425444
visibility,0.3,619,12,wicker_basket,wicker basket,1001,0.7812187812187812,True,2,8,True,0.6183816183816184,0.7184115523465704,0.058710500999884875
visibility,0.3,619,12,bed,bed,53327,0.37423819078515574,True,1,11,True,0.37423819078515574,0.6583917970858068,0.21306324978402738
visibility,0.3,619,16,dresser,dresser,6170,0.7789303079416532,True,1,10,True,0.7789303079416532,0.6844466600199401,0.04468990802690216
visibility,0.3,619,16,tall_vase,vase,611,0.7839607201309329,False,0,5,False,0.7839607201309329,0.09851851851851852,0.018020565784425444
visibility,0.3,619,16,wicker_basket,wicker basket,1001,0.7812187812187812,True,2,8,True,0.6183816183816184,0.720292504570384,0.058710500999884875
visibility,0.3,619,16,bed,bed,53327,0.6099536819997374,True,2,15,True,0.335083541170514,0.8019685039370079,0.22644948556173702
fixed_association,0.3,619,8,dresser,dresser,6170,0.0,False,0,6,False,0.0,0.0,0.8397117152621756
fixed_association,0.3,619,8,tall_vase,vase,611,0.38461538461538464,False,0,6,False,0.38461538461538464,0.042497831743278404,0.1282015205166498
fixed_association,0.3,619,8,wicker_basket,wicker basket,1001,0.0,False,0,5,False,0.0,0.0,2.877575460840944
fixed_association,0.3,619,12,dresser,dresser,6170,0.34505672609400323,True,1,6,True,0.34505672609400323,0.9927007299270073,0.19643263790279542
fixed_association,0.3,619,12,tall_vase,vase,611,0.38461538461538464,False,0,9,False,0.38461538461538464,0.042497831743278404,0.1282015205166498
fixed_association,0.3,619,12,wicker_basket,wicker basket,1001,0.7952047952047953,True,1,11,True,0.7952047952047953,0.837620578778135,0.012137688114606738
fixed_association,0.3,619,12,bed,bed,53327,0.0,False,0,12,False,0.0,0.0,1.6456947648127787
fixed_association,0.3,619,16,dresser,dresser,6170,0.3445705024311183,True,1,6,True,0.3445705024311183,0.996116504854369,0.19662634886176372
fixed_association,0.3,619,16,tall_vase,vase,611,0.38461538461538464,False,0,9,False,0.38461538461538464,0.042497831743278404,0.1282015205166498
fixed_association,0.3,619,16,wicker_basket,wicker basket,1001,0.7952047952047953,True,1,11,True,0.7952047952047953,0.837620578778135,0.012137688114606738
fixed_association,0.3,619,16,bed,bed,53327,0.335083541170514,True,2,17,True,0.335083541170514,0.8019685039370079,0.22644948556173702
oracle_replay,0.3,619,8,dresser,dresser,6170,0.8350081037277147,True,4,14,True,0.34359805510534847,0.9982014388489209,0.19751292100753998
oracle_replay,0.3,619,8,tall_vase,vase,611,1.0,False,0,10,False,1.0,0.2086687306501548,0.009387810632757034
oracle_replay,0.3,619,8,wicker_basket,wicker basket,1001,0.8101898101898102,True,2,24,True,0.8101898101898102,0.8659305993690851,0.01212657622281669
oracle_replay,0.3,619,12,dresser,dresser,6170,0.8350081037277147,True,4,23,True,0.8350081037277147,0.6437976437976438,0.013502451972077143
oracle_replay,0.3,619,12,tall_vase,vase,611,1.0,False,0,10,False,1.0,0.2086687306501548,0.009387810632757034
oracle_replay,0.3,619,12,wicker_basket,wicker basket,1001,0.8151848151848152,True,2,19,True,0.7352647352647352,0.7571428571428571,0.032924180619089756
oracle_replay,0.3,619,12,bed,bed,53327,0.0,False,0,26,False,0.0,0.0,1.6456947648127787
oracle_replay,0.3,619,16,dresser,dresser,6170,0.8189627228525121,True,4,23,True,0.8189627228525121,0.6389695210449927,0.01391519765775626
oracle_replay,0.3,619,16,tall_vase,vase,611,1.0,False,0,10,False,1.0,0.2096069868995633,0.009387810632757034
oracle_replay,0.3,619,16,wicker_basket,wicker basket,1001,0.8151848151848152,True,2,19,True,0.7352647352647352,0.7571428571428571,0.032924180619089756
oracle_replay,0.3,619,16,bed,bed,53327,0.335083541170514,True,2,31,True,0.335083541170514,0.8019685039370079,0.22644948556173702
