AA,DA,HA,SA,direct_DA,direct_SA,elapsed_seconds,id,lag1_correlation,mean_best_surface_coverage,method,mode,objects,original_id,query_hit_fraction,rms_m,seed,target_recovery_fraction,threshold
97.93929106570363,96.03054707604471,97.92032523552018,99.88597406257422,96.3899857266391,99.78165492477896,29.995769568000014,dufomap-reference-threshold-2,,,dufomap,reference,,dufomap-reference,,0.0,,,2
94.32851866964742,96.3055957825865,94.30822912618859,92.39202937384134,96.6098163216403,90.75219415081922,29.20728659600013,dufomap-independent-0.30-104-threshold-2,-0.0028648872843033872,,dufomap,independent,,dufomap-independent-0.30-104,,0.3,104,,2
97.34589367024024,95.88885531812925,97.33482502538703,98.82507182944852,96.25037767104591,98.25880517057355,28.801014188999943,dufomap-correlated-0.30-104-threshold-2,0.9777696906976968,,dufomap,correlated,,dufomap-correlated-0.30-104,,0.3,104,,2
94.44157410899729,96.40769719637852,94.42152996486129,92.51554781997501,96.62856964254087,90.96029959492645,29.173066772999846,dufomap-independent-0.30-205-threshold-2,-0.05404207079250504,,dufomap,independent,,dufomap-independent-0.30-205,,0.3,205,,2
97.03600201362391,95.79404686246522,97.02795180234004,98.29405892316959,96.13681589448132,97.69750774444499,29.411449386999948,dufomap-correlated-0.30-205-threshold-2,0.9577054255642478,,dufomap,correlated,,dufomap-correlated-0.30-205,,0.3,205,,2
94.32639485929208,96.11389516893617,94.30977606335239,92.5721379984892,96.45249679630768,91.01821606050233,27.787860479000074,dufomap-independent-0.30-306-threshold-2,0.022333779736260165,,dufomap,independent,,dufomap-independent-0.30-306,,0.3,306,,2
97.42604411044704,95.9044830855464,97.41397553403203,98.97174527851942,96.2524613733682,98.43747746687511,27.811884558999964,dufomap-correlated-0.30-306-threshold-2,0.9771952558503583,,dufomap,correlated,,dufomap-correlated-0.30-306,,0.3,306,,2
,,,,,,10.391493531999913,conceptgraphs-reference-threshold-1.0,,0.9255641226792203,conceptgraphs,reference,26,conceptgraphs-reference,0.6666666666666666,0.0,,1.0,1.0
,,,,,,10.357177425000373,conceptgraphs-reference-threshold-1.4,,0.9255641226792203,conceptgraphs,reference,25,conceptgraphs-reference,0.6666666666666666,0.0,,1.0,1.4
,,,,,,10.271998554999755,conceptgraphs-independent-0.30-104-threshold-1.0,-0.022041148085812198,0.8705991744316719,conceptgraphs,independent,20,conceptgraphs-independent-0.30-104,1.0,0.3,104,1.0,1.0
,,,,,,10.242751150000004,conceptgraphs-independent-0.30-104-threshold-1.4,-0.022041148085812198,0.6658006250065778,conceptgraphs,independent,18,conceptgraphs-independent-0.30-104,0.6666666666666666,0.3,104,0.75,1.4
,,,,,,10.152001083999949,conceptgraphs-correlated-0.30-104-threshold-1.0,0.43694846899732837,0.7654887626041229,conceptgraphs,correlated,18,conceptgraphs-correlated-0.30-104,1.0,0.3,104,1.0,1.0
,,,,,,12.183840033999786,conceptgraphs-correlated-0.30-104-threshold-1.4,0.43694846899732837,0.7537746463526401,conceptgraphs,correlated,14,conceptgraphs-correlated-0.30-104,1.0,0.3,104,1.0,1.4
,,,,,,12.578096926000399,conceptgraphs-independent-0.30-205-threshold-1.0,0.06097840639764355,0.8519904123645399,conceptgraphs,independent,13,conceptgraphs-independent-0.30-205,1.0,0.3,205,1.0,1.0
,,,,,,11.691002276999825,conceptgraphs-independent-0.30-205-threshold-1.4,0.06097840639764355,0.0718522159034569,conceptgraphs,independent,11,conceptgraphs-independent-0.30-205,0.0,0.3,205,0.0,1.4
,,,,,,12.308077984999727,conceptgraphs-correlated-0.30-205-threshold-1.0,0.6469004801495449,0.49138735464705363,conceptgraphs,correlated,15,conceptgraphs-correlated-0.30-205,1.0,0.3,205,0.75,1.0
,,,,,,11.971821749000355,conceptgraphs-correlated-0.30-205-threshold-1.4,0.6469004801495449,0.14470415534945696,conceptgraphs,correlated,13,conceptgraphs-correlated-0.30-205,0.3333333333333333,0.3,205,0.25,1.4
,,,,,,11.755365362999783,conceptgraphs-independent-0.30-306-threshold-1.0,-0.6988555448874751,0.48269784857078546,conceptgraphs,independent,16,conceptgraphs-independent-0.30-306,0.6666666666666666,0.3,306,0.5,1.0
,,,,,,10.428671539999868,conceptgraphs-independent-0.30-306-threshold-1.4,-0.6988555448874751,0.41809566648486307,conceptgraphs,independent,17,conceptgraphs-independent-0.30-306,0.3333333333333333,0.3,306,0.5,1.4
,,,,,,10.39867729100024,conceptgraphs-correlated-0.30-306-threshold-1.0,0.6727637345114675,0.46350391677366365,conceptgraphs,correlated,15,conceptgraphs-correlated-0.30-306,1.0,0.3,306,0.75,1.0
,,,,,,10.047716906000005,conceptgraphs-correlated-0.30-306-threshold-1.4,0.6727637345114675,0.2842632479319267,conceptgraphs,correlated,10,conceptgraphs-correlated-0.30-306,0.3333333333333333,0.3,306,0.25,1.4
