AA,DA,HA,SA,adjacent_translation_difference_rms_m,direct_DA,direct_SA,elapsed_seconds,id,lag1_correlation,mean_best_surface_coverage,method,mode,objects,query_hit_fraction,rms_m,seed,target_recovery_fraction
98.34068223458615,98.70289530437681,98.34001762682132,97.97979838930834,0.0,98.96544179698488,92.6340912417157,30.00101125399999,dufomap-reference,,,dufomap,reference,,,0.0,,
98.33603093328996,98.74873675546712,98.33516851921013,97.92504995439947,0.04236525587051819,98.98627882020774,92.44304798836713,27.080299667000077,dufomap-independent-0.03-104,-0.0028648872843033543,,dufomap,independent,,,0.03,104,
98.36623145016425,98.74873675546712,98.36549063457764,97.98520778719313,0.006335111008005666,98.9998228853026,92.66698200251624,28.21149135600001,dufomap-correlated-0.03-104,0.9777696906976966,,dufomap,correlated,,,0.03,104,
98.31185069208773,98.71643936947167,98.31102159706342,97.9089202187366,0.04368547338053779,98.9779440109186,92.37807729728412,34.17738142399992,dufomap-independent-0.03-205,-0.0540420707925051,,dufomap,independent,,,0.03,205,
98.36874315627868,98.7508204577894,98.36800401321773,97.98814415199783,0.008704610259358673,99.00607399226946,92.67952091731341,33.083151796999914,dufomap-correlated-0.03-205,0.9577054255642478,,dufomap,correlated,,,0.03,205,
98.33209022339355,98.74040194617797,98.33124600447033,97.92546695295162,0.04201057350126081,98.9946136294969,92.50980250658988,32.20567122300008,dufomap-independent-0.03-306,0.022333779736260176,,dufomap,independent,,,0.03,306,
98.36282718665134,98.74040194617797,98.36210528533267,97.98669624035843,0.006414655103100474,98.99148807601345,92.66792604090513,31.469120972999917,dufomap-correlated-0.03-306,0.9771952558503583,,dufomap,correlated,,,0.03,306,
97.3171031379863,98.73415083921111,97.30693535728294,95.92039312306838,0.14121751956839398,98.99878103414146,89.05494054382518,28.48147235500005,dufomap-independent-0.10-104,-0.0028648872843034115,,dufomap,independent,,,0.1,104,
98.29992823255631,98.71643936947167,98.29904955430588,97.88517446785049,0.021117036693352225,98.98419511788546,92.416082081995,28.89970637900001,dufomap-correlated-0.10-104,0.9777696906976964,,dufomap,correlated,,,0.1,104,
97.23584723741703,98.72060677411625,97.22468311554218,95.7734185083765,0.14561824460179265,98.93835366679517,88.81382850598628,27.240829501000007,dufomap-independent-0.10-205,-0.054042070792505024,,dufomap,independent,,,0.1,205,
98.271381297053,98.73415083921111,98.27029680255961,97.81078076781827,0.029015367531195584,98.9946136294969,92.28162321551406,28.875392587999954,dufomap-correlated-0.10-205,0.9577054255642476,,dufomap,correlated,,,0.1,205,
97.30137775668686,98.70914641134368,97.29134014511153,95.91368639635469,0.1400352450042027,98.98419511788546,89.07825771286603,30.498253028000022,dufomap-independent-0.10-306,0.022333779736260124,,dufomap,independent,,,0.1,306,
98.3212012199331,98.73623454153339,98.32032894072042,97.90791247223557,0.021382183677001586,98.99669733181918,92.46274537830948,29.869244530999936,dufomap-correlated-0.10-306,0.9771952558503576,,dufomap,correlated,,,0.1,306,
91.50107592086185,98.7216486252774,91.23777681209785,84.80862112073342,0.4236525587051819,98.95502328537346,76.57042668276435,29.82742443999996,dufomap-independent-0.30-104,-0.0028648872843033872,,dufomap,independent,,,0.3,104,
97.03659975221674,98.63934238354709,97.02358040705514,95.45989930527462,0.06335111008005666,98.94981402956773,88.73754672917629,28.02268437600003,dufomap-correlated-0.30-104,0.9777696906976968,,dufomap,correlated,,,0.3,104,
91.43119710618069,98.65601200212538,91.1674151204942,84.7354726247111,0.43685473380537787,98.92897700634488,76.2305786544117,28.08464556699994,dufomap-independent-0.30-205,-0.05404207079250504,,dufomap,independent,,,0.3,205,
96.63906177771759,98.61642165800194,96.61924180185856,94.70134998068775,0.08704610259358674,98.91855849473345,88.01769139524067,28.138120836999974,dufomap-correlated-0.30-205,0.9577054255642478,,dufomap,correlated,,,0.3,205,
91.56619549785673,98.66955606722024,91.31121702730151,84.97421587910794,0.4201057350126081,98.98732067136889,76.95518313852455,28.953049924000084,dufomap-independent-0.30-306,0.022333779736260165,,dufomap,independent,,,0.3,306,
97.17491993249563,98.62371461612994,97.16427961028968,95.74740822368636,0.06414655103100475,98.90084702499401,89.0377335619026,27.76188276700009,dufomap-correlated-0.30-306,0.9771952558503583,,dufomap,correlated,,,0.3,306,
97.64313962379855,98.33824739797673,97.6406829872703,96.95294524629469,0.0,,,34.86508006600002,beautymap-reference,,,beautymap,reference,,,0.0,,
97.56679434925005,98.33407999333215,97.56380093538421,96.80549571658509,0.04236525587051819,,,33.38462698300009,beautymap-independent-0.03-104,-0.0028648872843033543,,beautymap,independent,,,0.03,104,
97.74321468958797,98.281987435275,97.7417379607717,97.20739544615573,0.006335111008005666,,,31.76467442000012,beautymap-correlated-0.03-104,0.9777696906976966,,beautymap,correlated,,,0.03,104,
97.65605913941704,98.3497077607493,97.6536130906731,96.96730273811094,0.04368547338053779,,,32.81707020299996,beautymap-independent-0.03-205,-0.0540420707925051,,beautymap,independent,,,0.03,205,
97.73608979066346,98.296573351531,97.73449188813574,97.17880208710092,0.008704610259358673,,,33.49482812399992,beautymap-correlated-0.03-205,0.9577054255642478,,beautymap,correlated,,,0.03,205,
97.59685840430845,98.2799037329527,97.59448487952417,96.9185602406823,0.04201057350126081,,,35.25519625900006,beautymap-independent-0.03-306,0.022333779736260176,,beautymap,independent,,,0.03,306,
97.76728881781618,98.274694477147,97.76597893303334,97.26250296315116,0.006414655103100474,,,36.815853408000066,beautymap-correlated-0.03-306,0.9771952558503583,,beautymap,correlated,,,0.03,306,
97.34936869545203,98.30074075617557,97.34476513911433,96.40720418281981,0.14121751956839398,,,35.73524684699987,beautymap-independent-0.10-104,-0.0028648872843034115,,beautymap,independent,,,0.1,104,
97.60625938865964,98.23510413302355,97.60424667863283,96.98144014735801,0.021117036693352225,,,35.662049817000025,beautymap-correlated-0.10-104,0.9777696906976964,,beautymap,correlated,,,0.1,104,
97.12767942976227,98.1152912494921,97.12270911789189,96.15000874249048,0.14561824460179265,,,34.984338581999964,beautymap-independent-0.10-205,-0.054042070792505024,,beautymap,independent,,,0.1,205,
97.55702390621865,98.25698300740756,97.55453079983745,96.86205114521992,0.029015367531195584,,,36.044199444000014,beautymap-correlated-0.10-205,0.9577054255642476,,beautymap,correlated,,,0.1,205,
97.40594047075416,98.27052707250242,97.40213729177498,96.54896052396332,0.1400352450042027,,,36.66067517900001,beautymap-independent-0.10-306,0.022333779736260124,,beautymap,independent,,,0.1,306,
97.59162906609781,98.25698300740756,97.58937637303222,96.9307806149188,0.021382183677001586,,,39.048704945000054,beautymap-correlated-0.10-306,0.9771952558503576,,beautymap,correlated,,,0.1,306,
95.87902403415465,98.11424939833095,95.85356949503574,93.6947212674532,0.4236525587051819,,,42.697848035000106,beautymap-independent-0.30-104,-0.0028648872843033872,,beautymap,independent,,,0.3,104,
96.95436776724326,97.97568319389892,96.94904487537713,95.94369870881611,0.06335111008005666,,,40.88278042000002,beautymap-correlated-0.30-104,0.9777696906976968,,beautymap,correlated,,,0.3,104,
95.42708716899159,98.17363491451611,95.38868333125912,92.75737802198707,0.43685473380537787,,,44.50368782199985,beautymap-independent-0.30-205,-0.05404207079250504,,beautymap,independent,,,0.3,205,
96.83061732508618,98.01006428221665,96.82352114986541,95.66536375855158,0.08704610259358674,,,36.376826288000075,beautymap-correlated-0.30-205,0.9577054255642478,,beautymap,correlated,,,0.3,205,
95.78084949504154,98.27052707250242,95.74932196431563,93.35424774127232,0.4201057350126081,,,37.56852718799996,beautymap-independent-0.30-306,0.022333779736260165,,beautymap,independent,,,0.3,306,
96.94271179655982,97.96839023577091,96.93734293219678,95.92777168078274,0.06414655103100475,,,38.50390943599996,beautymap-correlated-0.30-306,0.9771952558503583,,beautymap,correlated,,,0.3,306,
,,,,0.0,,,11.562870352000118,conceptgraphs-reference,,0.9255641226792203,conceptgraphs,reference,25,0.6666666666666666,0.0,,1.0
,,,,0.037123746816109866,,,10.858925026999941,conceptgraphs-independent-0.03-104,-0.022041148085812205,0.9255641226792203,conceptgraphs,independent,25,0.6666666666666666,0.03,104,1.0
,,,,0.03055213873163093,,,10.92201302300009,conceptgraphs-correlated-0.03-104,0.4369484689973283,0.9255641226792203,conceptgraphs,correlated,25,0.6666666666666666,0.03,104,1.0
,,,,0.04394011845961781,,,10.258998518999988,conceptgraphs-independent-0.03-205,0.060978406397643556,0.9255641226792203,conceptgraphs,independent,25,1.0,0.03,205,1.0
,,,,0.02587351090769939,,,10.704678942999863,conceptgraphs-correlated-0.03-205,0.6469004801495449,0.9255641226792203,conceptgraphs,correlated,27,1.0,0.03,205,1.0
,,,,0.05593142003084985,,,10.250531635000016,conceptgraphs-independent-0.03-306,-0.698855544887475,0.9252675627741194,conceptgraphs,independent,25,0.6666666666666666,0.03,306,1.0
,,,,0.025030657435024736,,,10.585361143,conceptgraphs-correlated-0.03-306,0.6727637345114675,0.9255641226792203,conceptgraphs,correlated,28,1.0,0.03,306,1.0
,,,,0.12374582272036624,,,10.426216128000078,conceptgraphs-independent-0.10-104,-0.02204114808581218,0.9255641226792203,conceptgraphs,independent,24,0.6666666666666666,0.1,104,1.0
,,,,0.10184046243876978,,,10.117414330999964,conceptgraphs-correlated-0.10-104,0.4369484689973282,0.9211349888209526,conceptgraphs,correlated,21,1.0,0.1,104,1.0
,,,,0.14646706153205938,,,9.974699146000148,conceptgraphs-independent-0.10-205,0.060978406397643514,0.8594216314826127,conceptgraphs,independent,20,1.0,0.1,205,1.0
,,,,0.08624503635899797,,,10.525797878000049,conceptgraphs-correlated-0.10-205,0.6469004801495449,0.7100069293751867,conceptgraphs,correlated,21,1.0,0.1,205,0.75
,,,,0.1864380667694995,,,12.248360276000085,conceptgraphs-independent-0.10-306,-0.6988555448874749,0.9002082507930993,conceptgraphs,independent,24,1.0,0.1,306,1.0
,,,,0.08343552478341577,,,10.845016213000235,conceptgraphs-correlated-0.10-306,0.6727637345114674,0.7041014175641631,conceptgraphs,correlated,18,1.0,0.1,306,0.75
,,,,0.37123746816109876,,,10.184538449999764,conceptgraphs-independent-0.30-104,-0.022041148085812198,0.6658006250065778,conceptgraphs,independent,18,0.6666666666666666,0.3,104,0.75
,,,,0.30552138731630935,,,9.931782874999953,conceptgraphs-correlated-0.30-104,0.43694846899732837,0.765859462485499,conceptgraphs,correlated,14,1.0,0.3,104,1.0
,,,,0.4394011845961781,,,10.219805431000168,conceptgraphs-independent-0.30-205,0.06097840639764355,0.6486550773936061,conceptgraphs,independent,13,1.0,0.3,205,0.75
,,,,0.25873510907699393,,,9.987502403000235,conceptgraphs-correlated-0.30-205,0.6469004801495449,0.14470415534945696,conceptgraphs,correlated,13,0.3333333333333333,0.3,205,0.25
,,,,0.5593142003084987,,,10.524217399000008,conceptgraphs-independent-0.30-306,-0.6988555448874751,0.48269784857078546,conceptgraphs,independent,15,0.6666666666666666,0.3,306,0.5
,,,,0.2503065743502474,,,10.575874247999764,conceptgraphs-correlated-0.30-306,0.6727637345114675,0.2847080877895779,conceptgraphs,correlated,13,0.3333333333333333,0.3,306,0.25
,,,,0.0,,,62.003410046000226,hovsg-reference,,0.9255641226792203,hovsg,reference,50,0.6666666666666666,0.0,,1.0
,,,,0.037123746816109866,,,61.65216319499996,hovsg-independent-0.03-104,-0.022041148085812205,0.9255641226792203,hovsg,independent,54,1.0,0.03,104,1.0
,,,,0.03055213873163093,,,58.81706603400016,hovsg-correlated-0.03-104,0.4369484689973283,0.9255641226792203,hovsg,correlated,59,1.0,0.03,104,1.0
,,,,0.04394011845961781,,,57.43982572699997,hovsg-independent-0.03-205,0.060978406397643556,0.9255641226792203,hovsg,independent,59,0.6666666666666666,0.03,205,1.0
,,,,0.02587351090769939,,,54.32234700500021,hovsg-correlated-0.03-205,0.6469004801495449,0.9255641226792203,hovsg,correlated,54,0.6666666666666666,0.03,205,1.0
,,,,0.05593142003084985,,,65.598532256,hovsg-independent-0.03-306,-0.698855544887475,0.9255641226792203,hovsg,independent,59,0.6666666666666666,0.03,306,1.0
,,,,0.025030657435024736,,,56.776609047999955,hovsg-correlated-0.03-306,0.6727637345114675,0.9255641226792203,hovsg,correlated,54,0.6666666666666666,0.03,306,1.0
,,,,0.12374582272036624,,,55.51046458400015,hovsg-independent-0.10-104,-0.02204114808581218,0.9255641226792203,hovsg,independent,74,1.0,0.1,104,1.0
,,,,0.10184046243876978,,,54.08911507699986,hovsg-correlated-0.10-104,0.4369484689973282,0.9255641226792203,hovsg,correlated,76,1.0,0.1,104,1.0
,,,,0.14646706153205938,,,56.74123584500012,hovsg-independent-0.10-205,0.060978406397643514,0.9255641226792203,hovsg,independent,77,0.6666666666666666,0.1,205,1.0
,,,,0.08624503635899797,,,56.62517468800024,hovsg-correlated-0.10-205,0.6469004801495449,0.9183939505950902,hovsg,correlated,75,1.0,0.1,205,1.0
,,,,0.1864380667694995,,,60.94165200799989,hovsg-independent-0.10-306,-0.6988555448874749,0.9255641226792203,hovsg,independent,80,0.3333333333333333,0.1,306,1.0
,,,,0.08343552478341577,,,61.454628865999894,hovsg-correlated-0.10-306,0.6727637345114674,0.9231811225738319,hovsg,correlated,77,1.0,0.1,306,1.0
,,,,0.37123746816109876,,,55.46437512700004,hovsg-independent-0.30-104,-0.022041148085812198,0.8857862534196107,hovsg,independent,93,0.3333333333333333,0.3,104,1.0
,,,,0.30552138731630935,,,56.49975505800012,hovsg-correlated-0.30-104,0.43694846899732837,0.9254158427266698,hovsg,correlated,94,0.0,0.3,104,1.0
,,,,0.4394011845961781,,,54.83744537600023,hovsg-independent-0.30-205,0.06097840639764355,0.9255641226792203,hovsg,independent,105,1.0,0.3,205,1.0
,,,,0.25873510907699393,,,55.18861082800004,hovsg-correlated-0.30-205,0.6469004801495449,0.9072801838646887,hovsg,correlated,100,0.3333333333333333,0.3,205,1.0
,,,,0.5593142003084987,,,57.00103954399992,hovsg-independent-0.30-306,-0.6988555448874751,0.9069216752604823,hovsg,independent,108,0.6666666666666666,0.3,306,1.0
,,,,0.2503065743502474,,,57.053828440000416,hovsg-correlated-0.30-306,0.6727637345114675,0.9081167039411706,hovsg,correlated,108,0.6666666666666666,0.3,306,1.0
