DA,SA,direct_DA,direct_SA,mean_best_surface_coverage,method,objects,query_hit_fraction,rms_m,seed,target_recovery_fraction
0.0,0.0601578327936636,0.01354406509486239,0.2239340141491084,,dufomap,,,0.03,104,
0.03438108831772979,0.07922393326123256,0.028129981350858202,0.30144362002928915,,dufomap,,,0.03,205,
0.0,0.06122928740680322,-0.0031255534834429,0.1581235343152514,,dufomap,,,0.03,306,
-0.017711469739438712,1.9647813447821108,-0.014585916255995812,3.361141538169818,,dufomap,,,0.1,104,
0.01354406509486239,2.037362259441778,0.056259962701730615,3.46779470952778,,dufomap,,,0.1,205,
0.02708813018971057,1.9942260758808743,0.012502213933714756,3.3844876654434444,,dufomap,,,0.1,306,
-0.08230624173030776,10.651278184541198,-0.005209255805723956,12.167120046411938,,dufomap,,,0.3,104,
-0.039590344123439536,9.965877355976659,-0.0104185116114337,11.787112740828974,,dufomap,,,0.3,205,
-0.045841451090296914,10.773192344578419,-0.08647364637488408,12.082550423378052,,dufomap,,,0.3,306,
-0.05209255805715429,0.4018997295706441,,,,beautymap,,,0.03,104,
-0.053134409218301926,0.21149934898997458,,,,beautymap,,,0.03,205,
-0.005209255805709745,0.34394272246886715,,,,beautymap,,,0.03,306,
-0.06563662315201668,0.5742359645382038,,,,beautymap,,,0.1,104,
0.14169175791545285,0.7120424027294376,,,,beautymap,,,0.1,205,
-0.01354406509486239,0.3818200909554861,,,,beautymap,,,0.1,306,
-0.13856620443203838,2.2489774413629107,,,,beautymap,,,0.3,104,
-0.1635706322994679,2.9079857365645125,,,,beautymap,,,0.3,205,
-0.30213683673150626,2.573523939510423,,,,beautymap,,,0.3,306,
,,,,0.0,conceptgraphs,0,0.0,0.03,104,0.0
,,,,0.0,conceptgraphs,2,0.0,0.03,205,0.0
,,,,0.0002965599051009127,conceptgraphs,3,0.33333333333333337,0.03,306,0.0
,,,,-0.004429133858267709,conceptgraphs,-3,0.33333333333333337,0.1,104,0.0
,,,,-0.14941470210742602,conceptgraphs,1,0.0,0.1,205,-0.25
,,,,-0.19610683322893618,conceptgraphs,-6,0.0,0.1,306,-0.25
,,,,0.10005883747892119,conceptgraphs,-4,0.33333333333333337,0.3,104,0.25
,,,,-0.5039509220441492,conceptgraphs,0,-0.6666666666666667,0.3,205,-0.5
,,,,-0.19798976078120756,conceptgraphs,-2,-0.3333333333333333,0.3,306,-0.25
,,,,0.0,hovsg,5,0.0,0.03,104,0.0
,,,,0.0,hovsg,-5,0.0,0.03,205,0.0
,,,,0.0,hovsg,-5,0.0,0.03,306,0.0
,,,,0.0,hovsg,2,0.0,0.1,104,0.0
,,,,-0.0071701720841300665,hovsg,-2,0.33333333333333337,0.1,205,0.0
,,,,-0.0023830001053883887,hovsg,-3,0.6666666666666667,0.1,306,0.0
,,,,0.039629589307059065,hovsg,1,-0.3333333333333333,0.3,104,0.0
,,,,-0.01828393881453161,hovsg,-5,-0.6666666666666667,0.3,205,0.0
,,,,0.001195028680688326,hovsg,0,0.0,0.3,306,0.0
