best_surface_coverage,cosine_similarity,id,method,mode,qualifying_segments,query,recoverable,reference_anchor_world_m,reference_surface_points,rms_m,seed,target,top1_anchor_distance_m,top1_segment,top1_surface_coverage,top1_target_hit,top1_visible_precision
1.0,0.26473528146743774,conceptgraphs-reference,conceptgraphs,reference,1,cabinet,True,"[-0.32641609625146595, 1.0779672600648018, -1.0610186347557844]",3372,0.0,,cabinet,0.5570469080207173,13,0.0,False,0.0003549875754348598
0.8996062992125984,0.27010542154312134,conceptgraphs-reference,conceptgraphs,reference,1,floor lamp,True,"[2.4214398533928305, -0.6252194311353718, -0.2484808944075515]",2032,0.0,,lamp_shade,0.009931808751741726,2,0.8996062992125984,True,0.8765182186234818
0.8996865203761756,0.30470526218414307,conceptgraphs-reference,conceptgraphs,reference,1,ottoman,True,"[1.8286374750308099, 0.673499858132624, -1.0295898889243604]",1914,0.0,,ottoman_left,0.005820187745975559,0,0.8996865203761756,True,0.7463175122749591
0.902963671128107,0.30470526218414307,conceptgraphs-reference,conceptgraphs,reference,1,ottoman,True,"[1.828970300062193, 1.5224383008875406, -1.0194754992681223]",2092,0.0,,ottoman_right,0.5597705021472613,0,0.0,False,0.0
1.0,0.26974931359291077,conceptgraphs-independent-0.03-104,conceptgraphs,independent,1,cabinet,True,"[-0.32641609625146595, 1.0779672600648018, -1.0610186347557844]",3372,0.03,104,cabinet,0.5502953833945959,13,0.0,False,0.0010431712405713368
0.8996062992125984,0.27010542154312134,conceptgraphs-independent-0.03-104,conceptgraphs,independent,1,floor lamp,True,"[2.4214398533928305, -0.6252194311353718, -0.2484808944075515]",2032,0.03,104,lamp_shade,0.009243821810458585,2,0.8996062992125984,True,0.9149922720247295
0.8996865203761756,0.30470526218414307,conceptgraphs-independent-0.03-104,conceptgraphs,independent,1,ottoman,True,"[1.8286374750308099, 0.673499858132624, -1.0295898889243604]",1914,0.03,104,ottoman_left,0.014332473393940717,0,0.8996865203761756,True,0.7239726027397261
0.902963671128107,0.30470526218414307,conceptgraphs-independent-0.03-104,conceptgraphs,independent,1,ottoman,True,"[1.828970300062193, 1.5224383008875406, -1.0194754992681223]",2092,0.03,104,ottoman_right,0.5595349814775429,0,0.0,False,0.0
1.0,0.2595245838165283,conceptgraphs-correlated-0.03-104,conceptgraphs,correlated,1,cabinet,True,"[-0.32641609625146595, 1.0779672600648018, -1.0610186347557844]",3372,0.03,104,cabinet,0.5715332260614578,18,0.0,False,0.0004256612952265126
0.8996062992125984,0.27010542154312134,conceptgraphs-correlated-0.03-104,conceptgraphs,correlated,1,floor lamp,True,"[2.4214398533928305, -0.6252194311353718, -0.2484808944075515]",2032,0.03,104,lamp_shade,0.004986133744594722,2,0.8996062992125984,True,0.9243323442136498
0.8996865203761756,0.30470526218414307,conceptgraphs-correlated-0.03-104,conceptgraphs,correlated,1,ottoman,True,"[1.8286374750308099, 0.673499858132624, -1.0295898889243604]",1914,0.03,104,ottoman_left,0.00965983378123551,0,0.8996865203761756,True,0.7412771560236998
0.902963671128107,0.30470526218414307,conceptgraphs-correlated-0.03-104,conceptgraphs,correlated,1,ottoman,True,"[1.828970300062193, 1.5224383008875406, -1.0194754992681223]",2092,0.03,104,ottoman_right,0.5599973304083807,0,0.0,False,0.0
1.0,0.2642875909805298,conceptgraphs-independent-0.03-205,conceptgraphs,independent,2,cabinet,True,"[-0.32641609625146595, 1.0779672600648018, -1.0610186347557844]",3372,0.03,205,cabinet,0.02278176234881825,7,1.0,True,0.9121298949379179
0.8996062992125984,0.27931538224220276,conceptgraphs-independent-0.03-205,conceptgraphs,independent,1,floor lamp,True,"[2.4214398533928305, -0.6252194311353718, -0.2484808944075515]",2032,0.03,205,lamp_shade,0.010259358045675605,18,0.8996062992125984,True,0.9974874371859297
0.8996865203761756,0.30470526218414307,conceptgraphs-independent-0.03-205,conceptgraphs,independent,1,ottoman,True,"[1.8286374750308099, 0.673499858132624, -1.0295898889243604]",1914,0.03,205,ottoman_left,0.009977710290316221,0,0.8996865203761756,True,0.7362258953168044
0.902963671128107,0.30470526218414307,conceptgraphs-independent-0.03-205,conceptgraphs,independent,1,ottoman,True,"[1.828970300062193, 1.5224383008875406, -1.0194754992681223]",2092,0.03,205,ottoman_right,0.560207657826861,0,0.0,False,0.0
1.0,0.25971946120262146,conceptgraphs-correlated-0.03-205,conceptgraphs,correlated,3,cabinet,True,"[-0.32641609625146595, 1.0779672600648018, -1.0610186347557844]",3372,0.03,205,cabinet,0.032836558768958954,7,1.0,True,0.9122777017783857
0.8996062992125984,0.26751506328582764,conceptgraphs-correlated-0.03-205,conceptgraphs,correlated,1,floor lamp,True,"[2.4214398533928305, -0.6252194311353718, -0.2484808944075515]",2032,0.03,205,lamp_shade,0.008724648911254252,19,0.8996062992125984,True,0.9602272727272727
0.8996865203761756,0.30470526218414307,conceptgraphs-correlated-0.03-205,conceptgraphs,correlated,1,ottoman,True,"[1.8286374750308099, 0.673499858132624, -1.0295898889243604]",1914,0.03,205,ottoman_left,0.008372059097965772,0,0.8996865203761756,True,0.7387862796833773
0.902963671128107,0.30470526218414307,conceptgraphs-correlated-0.03-205,conceptgraphs,correlated,1,ottoman,True,"[1.828970300062193, 1.5224383008875406, -1.0194754992681223]",2092,0.03,205,ottoman_right,0.5606802801058057,0,0.0,False,0.0
0.9988137603795967,0.268504798412323,conceptgraphs-independent-0.03-306,conceptgraphs,independent,2,cabinet,True,"[-0.32641609625146595, 1.0779672600648018, -1.0610186347557844]",3372,0.03,306,cabinet,0.562550262610776,12,0.0,False,0.0004305705059203445
0.8996062992125984,0.27010542154312134,conceptgraphs-independent-0.03-306,conceptgraphs,independent,1,floor lamp,True,"[2.4214398533928305, -0.6252194311353718, -0.2484808944075515]",2032,0.03,306,lamp_shade,0.006440422483485879,2,0.8996062992125984,True,0.9158878504672897
0.8996865203761756,0.30470526218414307,conceptgraphs-independent-0.03-306,conceptgraphs,independent,1,ottoman,True,"[1.8286374750308099, 0.673499858132624, -1.0295898889243604]",1914,0.03,306,ottoman_left,0.004836434440828736,0,0.8996865203761756,True,0.711376404494382
0.902963671128107,0.30470526218414307,conceptgraphs-independent-0.03-306,conceptgraphs,independent,1,ottoman,True,"[1.828970300062193, 1.5224383008875406, -1.0194754992681223]",2092,0.03,306,ottoman_right,0.5599771509563752,0,0.0,False,0.0
1.0,0.2688813805580139,conceptgraphs-correlated-0.03-306,conceptgraphs,correlated,4,cabinet,True,"[-0.32641609625146595, 1.0779672600648018, -1.0610186347557844]",3372,0.03,306,cabinet,0.032636382663058586,7,1.0,True,0.9114583333333334
0.8996062992125984,0.26751506328582764,conceptgraphs-correlated-0.03-306,conceptgraphs,correlated,1,floor lamp,True,"[2.4214398533928305, -0.6252194311353718, -0.2484808944075515]",2032,0.03,306,lamp_shade,0.007983294179675181,20,0.8996062992125984,True,0.9696969696969697
0.8996865203761756,0.30470526218414307,conceptgraphs-correlated-0.03-306,conceptgraphs,correlated,1,ottoman,True,"[1.8286374750308099, 0.673499858132624, -1.0295898889243604]",1914,0.03,306,ottoman_left,0.013611216763606868,0,0.8996865203761756,True,0.7283163265306123
0.902963671128107,0.30470526218414307,conceptgraphs-correlated-0.03-306,conceptgraphs,correlated,1,ottoman,True,"[1.828970300062193, 1.5224383008875406, -1.0194754992681223]",2092,0.03,306,ottoman_right,0.5601056550421059,0,0.0,False,0.0
1.0,0.26974931359291077,conceptgraphs-independent-0.10-104,conceptgraphs,independent,3,cabinet,True,"[-0.32641609625146595, 1.0779672600648018, -1.0610186347557844]",3372,0.1,104,cabinet,0.5366184805437795,13,0.0,False,0.00047647409172126264
0.8996062992125984,0.2687087655067444,conceptgraphs-independent-0.10-104,conceptgraphs,independent,1,floor lamp,True,"[2.4214398533928305, -0.6252194311353718, -0.2484808944075515]",2032,0.1,104,lamp_shade,0.0158021109312008,2,0.8996062992125984,True,0.9098712446351931
0.8996865203761756,0.2968468964099884,conceptgraphs-independent-0.10-104,conceptgraphs,independent,1,ottoman,True,"[1.8286374750308099, 0.673499858132624, -1.0295898889243604]",1914,0.1,104,ottoman_left,0.011388855772091656,0,0.8996865203761756,True,0.7678812415654521
0.902963671128107,0.2968468964099884,conceptgraphs-independent-0.10-104,conceptgraphs,independent,1,ottoman,True,"[1.828970300062193, 1.5224383008875406, -1.0194754992681223]",2092,0.1,104,ottoman_right,0.5584334786751238,0,0.0,False,0.0
1.0,0.2659628987312317,conceptgraphs-correlated-0.10-104,conceptgraphs,correlated,2,cabinet,True,"[-0.32641609625146595, 1.0779672600648018, -1.0610186347557844]",3372,0.1,104,cabinet,0.027165732703606275,6,1.0,True,0.9198625180897251
0.8818897637795275,0.26078522205352783,conceptgraphs-correlated-0.10-104,conceptgraphs,correlated,1,floor lamp,True,"[2.4214398533928305, -0.6252194311353718, -0.2484808944075515]",2032,0.1,104,lamp_shade,0.034703923000205986,18,0.8818897637795275,True,1.0
0.8996865203761756,0.2968468964099884,conceptgraphs-correlated-0.10-104,conceptgraphs,correlated,1,ottoman,True,"[1.8286374750308099, 0.673499858132624, -1.0295898889243604]",1914,0.1,104,ottoman_left,0.014203051586915318,0,0.8996865203761756,True,0.7566742944317315
0.902963671128107,0.2968468964099884,conceptgraphs-correlated-0.10-104,conceptgraphs,correlated,1,ottoman,True,"[1.828970300062193, 1.5224383008875406, -1.0194754992681223]",2092,0.1,104,ottoman_right,0.5586664624258885,0,0.0,False,0.0
0.9765717674970344,0.2712676525115967,conceptgraphs-independent-0.10-205,conceptgraphs,independent,2,cabinet,True,"[-0.32641609625146595, 1.0779672600648018, -1.0610186347557844]",3372,0.1,205,cabinet,0.02554281730706772,7,0.9765717674970344,True,0.9056171861243176
0.6584645669291339,0.28076615929603577,conceptgraphs-independent-0.10-205,conceptgraphs,independent,1,floor lamp,True,"[2.4214398533928305, -0.6252194311353718, -0.2484808944075515]",2032,0.1,205,lamp_shade,0.010122528226449885,2,0.6584645669291339,True,0.864951768488746
0.8996865203761756,0.30470526218414307,conceptgraphs-independent-0.10-205,conceptgraphs,independent,1,ottoman,True,"[1.8286374750308099, 0.673499858132624, -1.0295898889243604]",1914,0.1,205,ottoman_left,0.012782309478507885,0,0.8996865203761756,True,0.807825086306099
0.902963671128107,0.30470526218414307,conceptgraphs-independent-0.10-205,conceptgraphs,independent,1,ottoman,True,"[1.828970300062193, 1.5224383008875406, -1.0194754992681223]",2092,0.1,205,ottoman_right,0.560207657826861,0,0.0,False,0.0
0.9540332147093713,0.2750996947288513,conceptgraphs-correlated-0.10-205,conceptgraphs,correlated,3,cabinet,True,"[-0.32641609625146595, 1.0779672600648018, -1.0610186347557844]",3372,0.1,205,cabinet,0.03320105339184941,6,0.9540332147093713,True,0.8877995642701525
0.8892716535433071,0.26751506328582764,conceptgraphs-correlated-0.10-205,conceptgraphs,correlated,1,floor lamp,True,"[2.4214398533928305, -0.6252194311353718, -0.2484808944075515]",2032,0.1,205,lamp_shade,0.011646807172642389,13,0.8892716535433071,True,0.994059405940594
0.8996865203761756,0.28592169284820557,conceptgraphs-correlated-0.10-205,conceptgraphs,correlated,1,ottoman,True,"[1.8286374750308099, 0.673499858132624, -1.0295898889243604]",1914,0.1,205,ottoman_left,0.010663045048094118,0,0.8996865203761756,True,0.793918918918919
0.09703632887189292,0.28592169284820557,conceptgraphs-correlated-0.10-205,conceptgraphs,correlated,0,ottoman,False,"[1.828970300062193, 1.5224383008875406, -1.0194754992681223]",2092,0.1,205,ottoman_right,0.5570347411198281,0,0.0,False,0.0
0.8985765124555161,0.27518534660339355,conceptgraphs-independent-0.10-306,conceptgraphs,independent,3,cabinet,True,"[-0.32641609625146595, 1.0779672600648018, -1.0610186347557844]",3372,0.1,306,cabinet,0.04413933231352461,6,0.8985765124555161,True,0.9274214157935088
0.8996062992125984,0.24845393002033234,conceptgraphs-independent-0.10-306,conceptgraphs,independent,1,floor lamp,True,"[2.4214398533928305, -0.6252194311353718, -0.2484808944075515]",2032,0.1,306,lamp_shade,0.00870188673957646,18,0.8996062992125984,True,0.9505649717514124
0.8996865203761756,0.29255929589271545,conceptgraphs-independent-0.10-306,conceptgraphs,independent,1,ottoman,True,"[1.8286374750308099, 0.673499858132624, -1.0295898889243604]",1914,0.1,306,ottoman_left,0.005570082762952396,0,0.8996865203761756,True,0.7997021593447505
0.902963671128107,0.29255929589271545,conceptgraphs-independent-0.10-306,conceptgraphs,independent,1,ottoman,True,"[1.828970300062193, 1.5224383008875406, -1.0194754992681223]",2092,0.1,306,ottoman_right,0.560207657826861,0,0.0,False,0.0
0.9540332147093713,0.2750996947288513,conceptgraphs-correlated-0.10-306,conceptgraphs,correlated,2,cabinet,True,"[-0.32641609625146595, 1.0779672600648018, -1.0610186347557844]",3372,0.1,306,cabinet,0.036313032390066634,6,0.9540332147093713,True,0.8965894184521207
0.8656496062992126,0.26078522205352783,conceptgraphs-correlated-0.10-306,conceptgraphs,correlated,1,floor lamp,True,"[2.4214398533928305, -0.6252194311353718, -0.2484808944075515]",2032,0.1,306,lamp_shade,0.034623111470046146,16,0.8656496062992126,True,0.9872611464968153
0.8996865203761756,0.28592169284820557,conceptgraphs-correlated-0.10-306,conceptgraphs,correlated,1,ottoman,True,"[1.8286374750308099, 0.673499858132624, -1.0295898889243604]",1914,0.1,306,ottoman_left,0.003636699265102545,0,0.8996865203761756,True,0.7821011673151751
0.09703632887189292,0.28592169284820557,conceptgraphs-correlated-0.10-306,conceptgraphs,correlated,0,ottoman,False,"[1.828970300062193, 1.5224383008875406, -1.0194754992681223]",2092,0.1,306,ottoman_right,0.5588302531498717,0,0.0,False,0.0
0.8469750889679716,0.2706710696220398,conceptgraphs-independent-0.30-104,conceptgraphs,independent,1,cabinet,True,"[-0.32641609625146595, 1.0779672600648018, -1.0610186347557844]",3372,0.3,104,cabinet,0.04413933231352461,6,0.8469750889679716,True,0.9117158977763027
0.09005905511811024,0.2551301121711731,conceptgraphs-independent-0.30-104,conceptgraphs,independent,0,floor lamp,False,"[2.4214398533928305, -0.6252194311353718, -0.2484808944075515]",2032,0.3,104,lamp_shade,0.5009814320743147,7,0.09005905511811024,False,0.006762849413886384
0.8996865203761756,0.3056301474571228,conceptgraphs-independent-0.30-104,conceptgraphs,independent,1,ottoman,True,"[1.8286374750308099, 0.673499858132624, -1.0295898889243604]",1914,0.3,104,ottoman_left,0.012171825057367386,0,0.8996865203761756,True,0.8264802631578947
0.8264818355640535,0.3056301474571228,conceptgraphs-independent-0.30-104,conceptgraphs,independent,1,ottoman,True,"[1.828970300062193, 1.5224383008875406, -1.0194754992681223]",2092,0.3,104,ottoman_right,0.5593360842378725,0,0.0,False,0.0
0.9000593119810202,0.2687297463417053,conceptgraphs-correlated-0.30-104,conceptgraphs,correlated,1,cabinet,True,"[-0.32641609625146595, 1.0779672600648018, -1.0610186347557844]",3372,0.3,104,cabinet,0.04413933231352461,5,0.9000593119810202,True,0.9075408261287223
0.36072834645669294,0.26078522205352783,conceptgraphs-correlated-0.30-104,conceptgraphs,correlated,1,floor lamp,True,"[2.4214398533928305, -0.6252194311353718, -0.2484808944075515]",2032,0.3,104,lamp_shade,0.1257960489436048,13,0.36072834645669294,True,0.9615384615384616
0.8996865203761756,0.31666332483291626,conceptgraphs-correlated-0.30-104,conceptgraphs,correlated,1,ottoman,True,"[1.8286374750308099, 0.673499858132624, -1.0295898889243604]",1914,0.3,104,ottoman_left,0.007699638040553304,0,0.8996865203761756,True,0.7431124348473567
0.902963671128107,0.31666332483291626,conceptgraphs-correlated-0.30-104,conceptgraphs,correlated,1,ottoman,True,"[1.828970300062193, 1.5224383008875406, -1.0194754992681223]",2092,0.3,104,ottoman_right,0.5592583596988178,0,0.0,False,0.0
0.9463226571767497,0.26796573400497437,conceptgraphs-independent-0.30-205,conceptgraphs,independent,1,cabinet,True,"[-0.32641609625146595, 1.0779672600648018, -1.0610186347557844]",3372,0.3,205,cabinet,0.0406936246636616,11,0.9463226571767497,True,0.9149005542875774
0.6515748031496063,0.28076615929603577,conceptgraphs-independent-0.30-205,conceptgraphs,independent,1,floor lamp,True,"[2.4214398533928305, -0.6252194311353718, -0.2484808944075515]",2032,0.3,205,lamp_shade,0.00914109556744554,2,0.6515748031496063,True,0.863481228668942
0.8996865203761756,0.31946468353271484,conceptgraphs-independent-0.30-205,conceptgraphs,independent,1,ottoman,True,"[1.8286374750308099, 0.673499858132624, -1.0295898889243604]",1914,0.3,205,ottoman_left,0.00625644495639936,0,0.8996865203761756,True,0.7538564721663313
0.09703632887189292,0.31946468353271484,conceptgraphs-independent-0.30-205,conceptgraphs,independent,0,ottoman,False,"[1.828970300062193, 1.5224383008875406, -1.0194754992681223]",2092,0.3,205,ottoman_right,0.560207657826861,0,0.0,False,0.0
0.15243179122182682,0.24577702581882477,conceptgraphs-correlated-0.30-205,conceptgraphs,correlated,0,cabinet,False,"[-0.32641609625146595, 1.0779672600648018, -1.0610186347557844]",3372,0.3,205,cabinet,0.2045838077449316,11,0.15243179122182682,False,0.5434782608695652
0.09005905511811024,0.21770063042640686,conceptgraphs-correlated-0.30-205,conceptgraphs,correlated,0,floor lamp,False,"[2.4214398533928305, -0.6252194311353718, -0.2484808944075515]",2032,0.3,205,lamp_shade,0.531232590980205,2,0.0,False,0.0
0.2392894461859979,0.23934803903102875,conceptgraphs-correlated-0.30-205,conceptgraphs,correlated,1,ottoman,True,"[1.8286374750308099, 0.673499858132624, -1.0295898889243604]",1914,0.3,205,ottoman_left,0.1402923932796696,6,0.2392894461859979,True,0.9870689655172413
0.09703632887189292,0.23934803903102875,conceptgraphs-correlated-0.30-205,conceptgraphs,correlated,0,ottoman,False,"[1.828970300062193, 1.5224383008875406, -1.0194754992681223]",2092,0.3,205,ottoman_right,0.661462185830147,6,0.0,False,0.0
0.8440094899169632,0.2752247452735901,conceptgraphs-independent-0.30-306,conceptgraphs,independent,1,cabinet,True,"[-0.32641609625146595, 1.0779672600648018, -1.0610186347557844]",3372,0.3,306,cabinet,0.04413933231352461,6,0.8440094899169632,True,0.8752909876953775
0.09005905511811024,0.24065233767032623,conceptgraphs-independent-0.30-306,conceptgraphs,independent,0,floor lamp,False,"[2.4214398533928305, -0.6252194311353718, -0.2484808944075515]",2032,0.3,306,lamp_shade,0.49625628031573216,8,0.09005905511811024,False,0.011281729865246004
0.8996865203761756,0.29255929589271545,conceptgraphs-independent-0.30-306,conceptgraphs,independent,1,ottoman,True,"[1.8286374750308099, 0.673499858132624, -1.0295898889243604]",1914,0.3,306,ottoman_left,0.006804623088952267,0,0.8996865203761756,True,0.8118433619866284
0.09703632887189292,0.29255929589271545,conceptgraphs-independent-0.30-306,conceptgraphs,independent,0,ottoman,False,"[1.828970300062193, 1.5224383008875406, -1.0194754992681223]",2092,0.3,306,ottoman_right,0.560207657826861,0,0.0,False,0.0
0.8514234875444839,0.27338290214538574,conceptgraphs-correlated-0.30-306,conceptgraphs,correlated,1,cabinet,True,"[-0.32641609625146595, 1.0779672600648018, -1.0610186347557844]",3372,0.3,306,cabinet,0.03145093205834766,3,0.8514234875444839,True,0.8841443230718306
0.09005905511811024,0.21891069412231445,conceptgraphs-correlated-0.30-306,conceptgraphs,correlated,0,floor lamp,False,"[2.4214398533928305, -0.6252194311353718, -0.2484808944075515]",2032,0.3,306,lamp_shade,2.479063545803558,8,0.0,False,0.0
0.10031347962382445,0.23681262135505676,conceptgraphs-correlated-0.30-306,conceptgraphs,correlated,0,ottoman,False,"[1.8286374750308099, 0.673499858132624, -1.0295898889243604]",1914,0.3,306,ottoman_left,0.48365377909097684,0,0.10031347962382445,False,0.012611786287548728
0.09703632887189292,0.23681262135505676,conceptgraphs-correlated-0.30-306,conceptgraphs,correlated,0,ottoman,False,"[1.828970300062193, 1.5224383008875406, -1.0194754992681223]",2092,0.3,306,ottoman_right,0.5367738576632585,0,0.09703632887189292,False,0.01426278376519147
1.0,0.3242202401161194,hovsg-reference,hovsg,reference,4,cabinet,True,"[-0.32641609625146595, 1.0779672600648018, -1.0610186347557844]",3372,0.0,,cabinet,0.006020315005115537,23,0.45462633451957296,True,0.9990300678952473
0.8996062992125984,0.2815793752670288,hovsg-reference,hovsg,reference,1,floor lamp,True,"[2.4214398533928305, -0.6252194311353718, -0.2484808944075515]",2032,0.0,,lamp_shade,0.007314148373596048,14,0.8996062992125984,True,0.8913813459268005
0.8996865203761756,0.32170867919921875,hovsg-reference,hovsg,reference,1,ottoman,True,"[1.8286374750308099, 0.673499858132624, -1.0295898889243604]",1914,0.0,,ottoman_left,1.111677336212262,48,0.0,False,0.0
0.902963671128107,0.32170867919921875,hovsg-reference,hovsg,reference,1,ottoman,True,"[1.828970300062193, 1.5224383008875406, -1.0194754992681223]",2092,0.0,,ottoman_right,0.39998535493192827,48,0.0,False,0.0
1.0,0.3195030093193054,hovsg-independent-0.03-104,hovsg,independent,5,cabinet,True,"[-0.32641609625146595, 1.0779672600648018, -1.0610186347557844]",3372,0.03,104,cabinet,0.5273152295619455,23,0.2941874258600237,True,0.9907478797224364
0.8996062992125984,0.2756972312927246,hovsg-independent-0.03-104,hovsg,independent,1,floor lamp,True,"[2.4214398533928305, -0.6252194311353718, -0.2484808944075515]",2032,0.03,104,lamp_shade,0.006631966140785131,14,0.8996062992125984,True,0.9205569205569205
0.8996865203761756,0.337157279253006,hovsg-independent-0.03-104,hovsg,independent,2,ottoman,True,"[1.8286374750308099, 0.673499858132624, -1.0295898889243604]",1914,0.03,104,ottoman_left,0.009400478200719244,46,0.8996865203761756,True,0.8193688792165397
0.902963671128107,0.337157279253006,hovsg-independent-0.03-104,hovsg,independent,2,ottoman,True,"[1.828970300062193, 1.5224383008875406, -1.0194754992681223]",2092,0.03,104,ottoman_right,0.5676619106080327,46,0.0,False,0.0
1.0,0.3251763880252838,hovsg-correlated-0.03-104,hovsg,correlated,6,cabinet,True,"[-0.32641609625146595, 1.0779672600648018, -1.0610186347557844]",3372,0.03,104,cabinet,0.007511967125147028,40,0.44928825622775803,True,0.9995206136145733
0.8996062992125984,0.28076982498168945,hovsg-correlated-0.03-104,hovsg,correlated,1,floor lamp,True,"[2.4214398533928305, -0.6252194311353718, -0.2484808944075515]",2032,0.03,104,lamp_shade,0.007928237099698232,17,0.8996062992125984,True,0.931691818903892
0.8996865203761756,0.337157279253006,hovsg-correlated-0.03-104,hovsg,correlated,2,ottoman,True,"[1.8286374750308099, 0.673499858132624, -1.0295898889243604]",1914,0.03,104,ottoman_left,0.011709872972717151,52,0.8996865203761756,True,0.8198689956331878
0.902963671128107,0.337157279253006,hovsg-correlated-0.03-104,hovsg,correlated,2,ottoman,True,"[1.828970300062193, 1.5224383008875406, -1.0194754992681223]",2092,0.03,104,ottoman_right,0.5662844492286474,52,0.0,False,0.0
1.0,0.3243533968925476,hovsg-independent-0.03-205,hovsg,independent,8,cabinet,True,"[-0.32641609625146595, 1.0779672600648018, -1.0610186347557844]",3372,0.03,205,cabinet,0.013746014045785251,44,0.44780545670225386,True,1.0
0.8996062992125984,0.28323012590408325,hovsg-independent-0.03-205,hovsg,independent,2,floor lamp,True,"[2.4214398533928305, -0.6252194311353718, -0.2484808944075515]",2032,0.03,205,lamp_shade,0.008012365359606564,15,0.8996062992125984,True,0.9233193277310925
0.8996865203761756,0.31973835825920105,hovsg-independent-0.03-205,hovsg,independent,1,ottoman,True,"[1.8286374750308099, 0.673499858132624, -1.0295898889243604]",1914,0.03,205,ottoman_left,1.1111626766579679,57,0.0,False,0.0
0.902963671128107,0.31973835825920105,hovsg-independent-0.03-205,hovsg,independent,1,ottoman,True,"[1.828970300062193, 1.5224383008875406, -1.0194754992681223]",2092,0.03,205,ottoman_right,0.3979040071043009,57,0.0,False,0.0
1.0,0.324136346578598,hovsg-correlated-0.03-205,hovsg,correlated,6,cabinet,True,"[-0.32641609625146595, 1.0779672600648018, -1.0610186347557844]",3372,0.03,205,cabinet,0.014389332269998572,37,0.44810201660735466,True,1.0
0.8996062992125984,0.2784954905509949,hovsg-correlated-0.03-205,hovsg,correlated,1,floor lamp,True,"[2.4214398533928305, -0.6252194311353718, -0.2484808944075515]",2032,0.03,205,lamp_shade,0.0085474655860268,15,0.8996062992125984,True,0.9236641221374046
0.8996865203761756,0.31983065605163574,hovsg-correlated-0.03-205,hovsg,correlated,1,ottoman,True,"[1.8286374750308099, 0.673499858132624, -1.0295898889243604]",1914,0.03,205,ottoman_left,1.121483516374193,52,0.0,False,0.0
0.902963671128107,0.31983065605163574,hovsg-correlated-0.03-205,hovsg,correlated,1,ottoman,True,"[1.828970300062193, 1.5224383008875406, -1.0194754992681223]",2092,0.03,205,ottoman_right,0.4267813956353067,52,0.0,False,0.0
1.0,0.3229454755783081,hovsg-independent-0.03-306,hovsg,independent,9,cabinet,True,"[-0.32641609625146595, 1.0779672600648018, -1.0610186347557844]",3372,0.03,306,cabinet,0.019454407562193573,35,0.4522538552787663,True,1.0
0.8996062992125984,0.28156036138534546,hovsg-independent-0.03-306,hovsg,independent,2,floor lamp,True,"[2.4214398533928305, -0.6252194311353718, -0.2484808944075515]",2032,0.03,306,lamp_shade,0.008888645105652807,14,0.8996062992125984,True,0.8947368421052632
0.8996865203761756,0.31973835825920105,hovsg-independent-0.03-306,hovsg,independent,1,ottoman,True,"[1.8286374750308099, 0.673499858132624, -1.0295898889243604]",1914,0.03,306,ottoman_left,1.1194240533183928,57,0.0,False,0.0
0.902963671128107,0.31973835825920105,hovsg-independent-0.03-306,hovsg,independent,2,ottoman,True,"[1.828970300062193, 1.5224383008875406, -1.0194754992681223]",2092,0.03,306,ottoman_right,0.42081254272343743,57,0.0,False,0.0
1.0,0.32488441467285156,hovsg-correlated-0.03-306,hovsg,correlated,5,cabinet,True,"[-0.32641609625146595, 1.0779672600648018, -1.0610186347557844]",3372,0.03,306,cabinet,0.009829508213745503,37,0.44780545670225386,True,0.999346832135859
0.8996062992125984,0.27989622950553894,hovsg-correlated-0.03-306,hovsg,correlated,1,floor lamp,True,"[2.4214398533928305, -0.6252194311353718, -0.2484808944075515]",2032,0.03,306,lamp_shade,0.01045927414897374,15,0.8996062992125984,True,0.9289749798224375
0.8996865203761756,0.31973835825920105,hovsg-correlated-0.03-306,hovsg,correlated,1,ottoman,True,"[1.8286374750308099, 0.673499858132624, -1.0295898889243604]",1914,0.03,306,ottoman_left,1.123372815707205,52,0.0,False,0.0
0.902963671128107,0.31973835825920105,hovsg-correlated-0.03-306,hovsg,correlated,1,ottoman,True,"[1.828970300062193, 1.5224383008875406, -1.0194754992681223]",2092,0.03,306,ottoman_right,0.43110656414938775,52,0.0,False,0.0
1.0,0.32351377606391907,hovsg-independent-0.10-104,hovsg,independent,9,cabinet,True,"[-0.32641609625146595, 1.0779672600648018, -1.0610186347557844]",3372,0.1,104,cabinet,0.0338087721558424,44,0.4513641755634638,True,1.0
0.8996062992125984,0.2821109890937805,hovsg-independent-0.10-104,hovsg,independent,3,floor lamp,True,"[2.4214398533928305, -0.6252194311353718, -0.2484808944075515]",2032,0.1,104,lamp_shade,0.041170366850557395,51,0.7588582677165354,True,0.9908675799086758
0.8996865203761756,0.33715730905532837,hovsg-independent-0.10-104,hovsg,independent,4,ottoman,True,"[1.8286374750308099, 0.673499858132624, -1.0295898889243604]",1914,0.1,104,ottoman_left,0.007674612587144154,65,0.7539184952978056,True,0.9849137931034483
0.902963671128107,0.33715730905532837,hovsg-independent-0.10-104,hovsg,independent,2,ottoman,True,"[1.828970300062193, 1.5224383008875406, -1.0194754992681223]",2092,0.1,104,ottoman_right,0.5823265713452848,65,0.0,False,0.0
1.0,0.3232074975967407,hovsg-correlated-0.10-104,hovsg,correlated,9,cabinet,True,"[-0.32641609625146595, 1.0779672600648018, -1.0610186347557844]",3372,0.1,104,cabinet,0.031330349094680354,33,0.4623368920521945,True,1.0
0.8996062992125984,0.2803371548652649,hovsg-correlated-0.10-104,hovsg,correlated,3,floor lamp,True,"[2.4214398533928305, -0.6252194311353718, -0.2484808944075515]",2032,0.1,104,lamp_shade,0.10893195658589111,18,0.3297244094488189,True,1.0
0.8996865203761756,0.33715730905532837,hovsg-correlated-0.10-104,hovsg,correlated,2,ottoman,True,"[1.8286374750308099, 0.673499858132624, -1.0295898889243604]",1914,0.1,104,ottoman_left,0.008260373031556202,67,0.754440961337513,True,0.9849137931034483
0.902963671128107,0.33715730905532837,hovsg-correlated-0.10-104,hovsg,correlated,2,ottoman,True,"[1.828970300062193, 1.5224383008875406, -1.0194754992681223]",2092,0.1,104,ottoman_right,0.5828541853848781,67,0.0,False,0.0
1.0,0.3225948214530945,hovsg-independent-0.10-205,hovsg,independent,6,cabinet,True,"[-0.32641609625146595, 1.0779672600648018, -1.0610186347557844]",3372,0.1,205,cabinet,0.014582977663340295,56,0.4587781731909846,True,1.0
0.8996062992125984,0.2828696072101593,hovsg-independent-0.10-205,hovsg,independent,3,floor lamp,True,"[2.4214398533928305, -0.6252194311353718, -0.2484808944075515]",2032,0.1,205,lamp_shade,0.11631483111080425,18,0.3046259842519685,True,0.9791666666666666
0.8996865203761756,0.32041996717453003,hovsg-independent-0.10-205,hovsg,independent,3,ottoman,True,"[1.8286374750308099, 0.673499858132624, -1.0295898889243604]",1914,0.1,205,ottoman_left,1.1099863838228419,75,0.0,False,0.0
0.902963671128107,0.32041996717453003,hovsg-independent-0.10-205,hovsg,independent,1,ottoman,True,"[1.828970300062193, 1.5224383008875406, -1.0194754992681223]",2092,0.1,205,ottoman_right,0.3948683094739682,75,0.0,False,0.0
1.0,0.32412540912628174,hovsg-correlated-0.10-205,hovsg,correlated,7,cabinet,True,"[-0.32641609625146595, 1.0779672600648018, -1.0610186347557844]",3372,0.1,205,cabinet,0.08648999711443707,33,0.3419335705812574,True,1.0
0.8996062992125984,0.28170594573020935,hovsg-correlated-0.10-205,hovsg,correlated,3,floor lamp,True,"[2.4214398533928305, -0.6252194311353718, -0.2484808944075515]",2032,0.1,205,lamp_shade,0.11631483111080425,18,0.3061023622047244,True,0.970873786407767
0.8996865203761756,0.3351570963859558,hovsg-correlated-0.10-205,hovsg,correlated,2,ottoman,True,"[1.8286374750308099, 0.673499858132624, -1.0295898889243604]",1914,0.1,205,ottoman_left,0.011994425541513068,62,0.8505747126436781,True,0.9566360052562418
0.874282982791587,0.3351570963859558,hovsg-correlated-0.10-205,hovsg,correlated,2,ottoman,True,"[1.828970300062193, 1.5224383008875406, -1.0194754992681223]",2092,0.1,205,ottoman_right,0.5694435183239774,62,0.0,False,0.0
1.0,0.3228507339954376,hovsg-independent-0.10-306,hovsg,independent,5,cabinet,True,"[-0.32641609625146595, 1.0779672600648018, -1.0610186347557844]",3372,0.1,306,cabinet,0.1317804491342274,38,0.06613285883748517,False,1.0
0.8996062992125984,0.29334110021591187,hovsg-independent-0.10-306,hovsg,independent,2,floor lamp,True,"[2.4214398533928305, -0.6252194311353718, -0.2484808944075515]",2032,0.1,306,lamp_shade,0.17453223668830248,44,0.15108267716535434,False,0.9791666666666666
0.8996865203761756,0.337157279253006,hovsg-independent-0.10-306,hovsg,independent,3,ottoman,True,"[1.8286374750308099, 0.673499858132624, -1.0295898889243604]",1914,0.1,306,ottoman_left,0.008657765751359731,71,0.8751306165099269,True,0.9274537695590327
0.902963671128107,0.337157279253006,hovsg-independent-0.10-306,hovsg,independent,2,ottoman,True,"[1.828970300062193, 1.5224383008875406, -1.0194754992681223]",2092,0.1,306,ottoman_right,0.5666205934139097,71,0.0,False,0.0
1.0,0.32251352071762085,hovsg-correlated-0.10-306,hovsg,correlated,8,cabinet,True,"[-0.32641609625146595, 1.0779672600648018, -1.0610186347557844]",3372,0.1,306,cabinet,0.011151800300145898,52,0.452846975088968,True,1.0
0.9005905511811023,0.2818840444087982,hovsg-correlated-0.10-306,hovsg,correlated,2,floor lamp,True,"[2.4214398533928305, -0.6252194311353718, -0.2484808944075515]",2032,0.1,306,lamp_shade,0.12563704776737386,18,0.281003937007874,True,1.0
0.8996865203761756,0.337157279253006,hovsg-correlated-0.10-306,hovsg,correlated,3,ottoman,True,"[1.8286374750308099, 0.673499858132624, -1.0295898889243604]",1914,0.1,306,ottoman_left,0.007535881633897034,71,0.8265412748171369,True,0.9655172413793104
0.8924474187380497,0.337157279253006,hovsg-correlated-0.10-306,hovsg,correlated,2,ottoman,True,"[1.828970300062193, 1.5224383008875406, -1.0194754992681223]",2092,0.1,306,ottoman_right,0.5693816566744427,71,0.0,False,0.0
0.9991103202846975,0.3222743272781372,hovsg-independent-0.30-104,hovsg,independent,6,cabinet,True,"[-0.32641609625146595, 1.0779672600648018, -1.0610186347557844]",3372,0.3,104,cabinet,0.1377924726691206,56,0.0673190984578885,False,1.0
0.8996062992125984,0.2816852927207947,hovsg-independent-0.30-104,hovsg,independent,3,floor lamp,True,"[2.4214398533928305, -0.6252194311353718, -0.2484808944075515]",2032,0.3,104,lamp_shade,0.12849227224105983,65,0.21899606299212598,True,1.0
0.8996865203761756,0.33715730905532837,hovsg-independent-0.30-104,hovsg,independent,2,ottoman,True,"[1.8286374750308099, 0.673499858132624, -1.0295898889243604]",1914,0.3,104,ottoman_left,0.38565495857732457,83,0.0,False,0.0
0.7447418738049714,0.33715730905532837,hovsg-independent-0.30-104,hovsg,independent,1,ottoman,True,"[1.828970300062193, 1.5224383008875406, -1.0194754992681223]",2092,0.3,104,ottoman_right,0.7844302734692005,83,0.0,False,0.0
0.9994068801897983,0.3226662874221802,hovsg-correlated-0.30-104,hovsg,correlated,6,cabinet,True,"[-0.32641609625146595, 1.0779672600648018, -1.0610186347557844]",3372,0.3,104,cabinet,0.11188531062704501,60,0.06791221826809016,False,1.0
0.8996062992125984,0.28172653913497925,hovsg-correlated-0.30-104,hovsg,correlated,3,floor lamp,True,"[2.4214398533928305, -0.6252194311353718, -0.2484808944075515]",2032,0.3,104,lamp_shade,0.356003209928442,18,0.13730314960629922,False,1.0
0.8996865203761756,0.33715730905532837,hovsg-correlated-0.30-104,hovsg,correlated,3,ottoman,True,"[1.8286374750308099, 0.673499858132624, -1.0295898889243604]",1914,0.3,104,ottoman_left,0.38565495857732457,84,0.0,False,0.0
0.902963671128107,0.33715730905532837,hovsg-correlated-0.30-104,hovsg,correlated,2,ottoman,True,"[1.828970300062193, 1.5224383008875406, -1.0194754992681223]",2092,0.3,104,ottoman_right,0.7844302734692005,84,0.0,False,0.0
1.0,0.3228619694709778,hovsg-independent-0.30-205,hovsg,independent,7,cabinet,True,"[-0.32641609625146595, 1.0779672600648018, -1.0610186347557844]",3372,0.3,205,cabinet,0.046225565517862145,63,0.4460260972716489,True,1.0
0.8996062992125984,0.2942587733268738,hovsg-independent-0.30-205,hovsg,independent,3,floor lamp,True,"[2.4214398533928305, -0.6252194311353718, -0.2484808944075515]",2032,0.3,205,lamp_shade,0.08889936704165893,71,0.4153543307086614,True,1.0
0.8996865203761756,0.32403212785720825,hovsg-independent-0.30-205,hovsg,independent,4,ottoman,True,"[1.8286374750308099, 0.673499858132624, -1.0295898889243604]",1914,0.3,205,ottoman_left,0.0867185953257734,91,0.2779519331243469,True,0.9802371541501976
0.902963671128107,0.32403212785720825,hovsg-independent-0.30-205,hovsg,independent,2,ottoman,True,"[1.828970300062193, 1.5224383008875406, -1.0194754992681223]",2092,0.3,205,ottoman_right,0.6322282456110911,91,0.0,False,0.0
1.0,0.3241431713104248,hovsg-correlated-0.30-205,hovsg,correlated,8,cabinet,True,"[-0.32641609625146595, 1.0779672600648018, -1.0610186347557844]",3372,0.3,205,cabinet,0.2891130585929748,38,0.018683274021352312,False,1.0
0.8996062992125984,0.28094297647476196,hovsg-correlated-0.30-205,hovsg,correlated,2,floor lamp,True,"[2.4214398533928305, -0.6252194311353718, -0.2484808944075515]",2032,0.3,205,lamp_shade,0.37942167323551973,18,0.1343503937007874,False,1.0
0.8996865203761756,0.3351496160030365,hovsg-correlated-0.30-205,hovsg,correlated,3,ottoman,True,"[1.8286374750308099, 0.673499858132624, -1.0295898889243604]",1914,0.3,205,ottoman_left,0.1418746512083105,86,0.40177638453500525,True,0.9941860465116279
0.8298279158699808,0.3351496160030365,hovsg-correlated-0.30-205,hovsg,correlated,2,ottoman,True,"[1.828970300062193, 1.5224383008875406, -1.0194754992681223]",2092,0.3,205,ottoman_right,0.6575755445139061,86,0.0,False,0.0
1.0,0.32411661744117737,hovsg-independent-0.30-306,hovsg,independent,7,cabinet,True,"[-0.32641609625146595, 1.0779672600648018, -1.0610186347557844]",3372,0.3,306,cabinet,0.06294889239037012,33,0.4454329774614472,True,1.0
0.8996062992125984,0.2857598066329956,hovsg-independent-0.30-306,hovsg,independent,3,floor lamp,True,"[2.4214398533928305, -0.6252194311353718, -0.2484808944075515]",2032,0.3,306,lamp_shade,0.4716476849784781,65,0.0,False,0.0
0.8996865203761756,0.33715730905532837,hovsg-independent-0.30-306,hovsg,independent,4,ottoman,True,"[1.8286374750308099, 0.673499858132624, -1.0295898889243604]",1914,0.3,306,ottoman_left,0.060284927783274704,99,0.5574712643678161,True,0.9840637450199203
0.8283938814531548,0.33715730905532837,hovsg-independent-0.30-306,hovsg,independent,3,ottoman,True,"[1.828970300062193, 1.5224383008875406, -1.0194754992681223]",2092,0.3,306,ottoman_right,0.6215521693996788,99,0.0,False,0.0
1.0,0.3241420388221741,hovsg-correlated-0.30-306,hovsg,correlated,8,cabinet,True,"[-0.32641609625146595, 1.0779672600648018, -1.0610186347557844]",3372,0.3,306,cabinet,0.2202600602345372,38,0.04952550415183867,False,1.0
0.8996062992125984,0.29228606820106506,hovsg-correlated-0.30-306,hovsg,correlated,3,floor lamp,True,"[2.4214398533928305, -0.6252194311353718, -0.2484808944075515]",2032,0.3,306,lamp_shade,0.09872549316219618,76,0.38336614173228345,True,0.9901960784313726
0.8996865203761756,0.33715730905532837,hovsg-correlated-0.30-306,hovsg,correlated,4,ottoman,True,"[1.8286374750308099, 0.673499858132624, -1.0295898889243604]",1914,0.3,306,ottoman_left,0.23305152149631037,99,0.2502612330198537,True,1.0
0.8331739961759083,0.33715730905532837,hovsg-correlated-0.30-306,hovsg,correlated,3,ottoman,True,"[1.828970300062193, 1.5224383008875406, -1.0194754992681223]",2092,0.3,306,ottoman_right,0.6925496096449552,99,0.0,False,0.0
